Occurred On (NT),Cleared On (NT),MO Name,Name
01/01/2025 06:34,01/01/2025 06:39,"NodeB Name=DIFCHT0254, LogicRNCID=32",NodeB Unavailable
01/01/2025 06:34,01/01/2025 06:41,"NodeB Name=DIFCHT1811, LogicRNCID=32",NodeB Unavailable
01/01/2025 07:39,01/01/2025 08:12,"NodeB Name=MEXTEO1238, LogicRNCID=194",NodeB Unavailable
01/01/2025 06:00,01/01/2025 09:21,"NodeB Name=DIFGAM0447, LogicRNCID=190",NodeB Unavailable
01/01/2025 08:20,01/01/2025 10:06,"NodeB Name=MCR93-0007A_0220_Parque_Alameda, LogicRNCID=32",NodeB Unavailable
01/01/2025 10:44,01/01/2025 11:10,"NodeB Name=DIFGAM0447, LogicRNCID=190",NodeB Unavailable
01/01/2025 02:36,01/01/2025 11:24,"NodeB Name=MEXHUA2121, LogicRNCID=194",NodeB Unavailable
01/01/2025 12:21,01/01/2025 12:28,"NodeB Name=DIFALO0019, LogicRNCID=191",NodeB Unavailable
01/01/2025 12:22,01/01/2025 12:28,"NodeB Name=iUDIFALO6343Z, LogicRNCID=191",NodeB Unavailable
01/01/2025 02:39,01/01/2025 13:33,"NodeB Name=MEXHUA1911, LogicRNCID=194",NodeB Unavailable
01/01/2025 13:59,01/01/2025 14:34,"NodeB Name=MUMEXAXA4077, LogicRNCID=194",NodeB Unavailable
01/01/2025 18:27,01/01/2025 18:31,"NodeB Name=DIFALO0046, LogicRNCID=191",NodeB Unavailable
01/01/2025 21:22,01/01/2025 21:27,"NodeB Name=MEXTEX1239, LogicRNCID=194",NodeB Unavailable
01/01/2025 21:52,01/01/2025 21:58,"NodeB Name=DIFMGH0764, LogicRNCID=191",NodeB Unavailable
02/01/2025 03:28,02/01/2025 03:46,"NodeB Name=MEXNPL0492, LogicRNCID=191",NodeB Unavailable
02/01/2025 04:09,02/01/2025 04:38,"NodeB Name=MEXTEO1238, LogicRNCID=194",NodeB Unavailable
02/01/2025 08:52,02/01/2025 08:54,"NodeB Name=MCR93-0001A_0095_Plaza_Torres_Lindavista, LogicRNCID=190",NodeB Unavailable
02/01/2025 07:56,02/01/2025 09:15,"NodeB Name=MEXHUA1911, LogicRNCID=194",NodeB Unavailable
02/01/2025 09:22,02/01/2025 09:24,"NodeB Name=MEXNPL0498, LogicRNCID=191",NodeB Unavailable
02/01/2025 09:22,02/01/2025 09:24,"NodeB Name=IMEX0118, LogicRNCID=32",NodeB Unavailable
02/01/2025 10:17,02/01/2025 10:20,"NodeB Name=SUDIFVEN7067Z, LogicRNCID=194",NodeB Unavailable
02/01/2025 10:23,02/01/2025 10:25,"NodeB Name=SUDIFVEN7067Z, LogicRNCID=194",NodeB Unavailable
01/01/2025 19:11,02/01/2025 11:16,"NodeB Name=MEXCUJ0197, LogicRNCID=191",NodeB Unavailable
02/01/2025 11:48,02/01/2025 13:04,"NodeB Name=DIFGAM0447, LogicRNCID=190",NodeB Unavailable
02/01/2025 13:19,02/01/2025 13:21,"NodeB Name=HMEX0340, LogicRNCID=190",NodeB Unavailable
02/01/2025 08:11,02/01/2025 14:57,"NodeB Name=MEXNEZ0434, LogicRNCID=190",NodeB Unavailable
02/01/2025 15:58,02/01/2025 16:01,"NodeB Name=HMEX0282, LogicRNCID=190",NodeB Unavailable
02/01/2025 16:08,02/01/2025 16:11,"NodeB Name=HMEX0282, LogicRNCID=190",NodeB Unavailable
02/01/2025 15:57,02/01/2025 16:17,"NodeB Name=MEXTLB0684, LogicRNCID=190",NodeB Unavailable
02/01/2025 18:43,02/01/2025 18:46,"NodeB Name=SUMEXNEZ7069Z, LogicRNCID=190",NodeB Unavailable
02/01/2025 19:08,02/01/2025 19:11,"NodeB Name=SUMEXNEZ7069Z, LogicRNCID=190",NodeB Unavailable
02/01/2025 18:07,02/01/2025 23:19,"NodeB Name=DIFGAM0447, LogicRNCID=190",NodeB Unavailable
02/01/2025 23:25,02/01/2025 23:29,"NodeB Name=HMEX0282, LogicRNCID=190",NodeB Unavailable
02/01/2025 23:32,02/01/2025 23:35,"NodeB Name=HMEX0282, LogicRNCID=190",NodeB Unavailable
02/01/2025 23:24,02/01/2025 23:41,"NodeB Name=MEXTLB0684, LogicRNCID=190",NodeB Unavailable
03/01/2025 00:57,03/01/2025 00:58,DIFRNC190,NodeB Unavailable
03/01/2025 00:50,03/01/2025 06:41,"NodeB Name=DIFGAM0447, LogicRNCID=190",NodeB Unavailable
03/01/2025 10:30,03/01/2025 10:55,"NodeB Name=DIFGAM0447, LogicRNCID=190",NodeB Unavailable
03/01/2025 10:57,03/01/2025 11:00,"NodeB Name=HMEX0282, LogicRNCID=190",NodeB Unavailable
03/01/2025 10:56,03/01/2025 11:06,"NodeB Name=MEXTLB0684, LogicRNCID=190",NodeB Unavailable
03/01/2025 11:04,03/01/2025 11:29,"NodeB Name=DIFGAM0447, LogicRNCID=190",NodeB Unavailable
03/01/2025 13:16,03/01/2025 13:18,"NodeB Name=MEXHXC0314, LogicRNCID=191",NodeB Unavailable
03/01/2025 14:45,03/01/2025 14:48,"NodeB Name=HMEX0282, LogicRNCID=190",NodeB Unavailable
03/01/2025 14:44,03/01/2025 14:53,"NodeB Name=MEXTLB0684, LogicRNCID=190",NodeB Unavailable
03/01/2025 15:37,03/01/2025 15:41,"NodeB Name=HMEX0282, LogicRNCID=190",NodeB Unavailable
03/01/2025 15:36,03/01/2025 15:47,"NodeB Name=MEXTLB0684, LogicRNCID=190",NodeB Unavailable
03/01/2025 16:09,03/01/2025 16:34,"NodeB Name=DIFIZT0615, LogicRNCID=194",NodeB Unavailable
03/01/2025 18:40,03/01/2025 18:46,"NodeB Name=DIFCHT0254, LogicRNCID=32",NodeB Unavailable
03/01/2025 18:40,03/01/2025 18:46,"NodeB Name=DIFCHT1811, LogicRNCID=32",NodeB Unavailable
03/01/2025 19:12,03/01/2025 19:23,"NodeB Name=MEXECA1887, LogicRNCID=190",NodeB Unavailable
03/01/2025 23:08,03/01/2025 23:10,"NodeB Name=DIFBEJ1579, LogicRNCID=191",NodeB Unavailable
04/01/2025 02:51,04/01/2025 02:52,"NodeB Name=HMEX1447, LogicRNCID=32",NodeB Unavailable
04/01/2025 09:13,04/01/2025 09:20,"NodeB Name=DIFCHT0254, LogicRNCID=32",NodeB Unavailable
04/01/2025 09:14,04/01/2025 09:20,"NodeB Name=DIFCHT1811, LogicRNCID=32",NodeB Unavailable
03/01/2025 22:52,04/01/2025 10:24,"NodeB Name=MCR93-0007A_0220_Parque_Alameda, LogicRNCID=32",NodeB Unavailable
04/01/2025 19:15,04/01/2025 19:20,"NodeB Name=DIFBEJ0178, LogicRNCID=191",NodeB Unavailable
04/01/2025 22:48,05/01/2025 10:13,"NodeB Name=MCR93-0007A_0220_Parque_Alameda, LogicRNCID=32",NodeB Unavailable
03/01/2025 21:43,06/01/2025 15:10,"NodeB Name=DIFIZT0615, LogicRNCID=194",NodeB Unavailable
01/01/2025 15:51,14/01/2025 17:17,"NodeB Name=iMEX0015, LogicRNCID=194",NodeB Unavailable
01/01/2025 15:51,14/01/2025 17:18,"NodeB Name=iMEX0015B, LogicRNCID=194",NodeB Unavailable
01/01/2025 00:17,01/01/2025 00:23,"NodeB Name=NLEANH0505, LogicRNCID=141",NodeB Unavailable
01/01/2025 00:17,01/01/2025 00:23,"NodeB Name=NLEVCI1001, LogicRNCID=140",NodeB Unavailable
01/01/2025 00:20,01/01/2025 00:23,"NodeB Name=QTOQTO1405, LogicRNCID=162",NodeB Unavailable
01/01/2025 00:28,01/01/2025 00:34,"NodeB Name=NLEANH0505, LogicRNCID=141",NodeB Unavailable
01/01/2025 00:28,01/01/2025 00:34,"NodeB Name=NLEVCI1001, LogicRNCID=140",NodeB Unavailable
01/01/2025 01:41,01/01/2025 01:46,"NodeB Name=NLEPES1847, LogicRNCID=140",NodeB Unavailable
01/01/2025 01:46,01/01/2025 01:47,"NodeB Name=NLEPES1847, LogicRNCID=140",NodeB Unavailable
01/01/2025 01:47,01/01/2025 01:51,"NodeB Name=NLEPES1847, LogicRNCID=140",NodeB Unavailable
01/01/2025 02:06,01/01/2025 02:09,"NodeB Name=NLEAPO0510, LogicRNCID=140",NodeB Unavailable
01/01/2025 02:11,01/01/2025 02:15,"NodeB Name=NLEMTY0729, LogicRNCID=140",NodeB Unavailable
01/01/2025 02:13,01/01/2025 02:15,"NodeB Name=NLEAPO0510, LogicRNCID=140",NodeB Unavailable
01/01/2025 02:18,01/01/2025 02:22,"NodeB Name=NLEMTY0729, LogicRNCID=140",NodeB Unavailable
01/01/2025 02:42,01/01/2025 02:47,"NodeB Name=NLEMTY0733, LogicRNCID=140",NodeB Unavailable
01/01/2025 02:47,01/01/2025 02:49,"NodeB Name=NLEMTY0733, LogicRNCID=140",NodeB Unavailable
01/01/2025 02:49,01/01/2025 02:54,"NodeB Name=NLEMTY0733, LogicRNCID=140",NodeB Unavailable
01/01/2025 02:49,01/01/2025 02:55,"NodeB Name=GUASAL0479, LogicRNCID=160",NodeB Unavailable
01/01/2025 02:54,01/01/2025 02:56,"NodeB Name=NLEMTY0733, LogicRNCID=140",NodeB Unavailable
01/01/2025 03:07,01/01/2025 03:08,"NodeB Name=DURSCL0499, LogicRNCID=140",NodeB Unavailable
01/01/2025 03:07,01/01/2025 03:08,"NodeB Name=DURGDV0471, LogicRNCID=140",NodeB Unavailable
01/01/2025 05:44,01/01/2025 05:48,"NodeB Name=DURLRD0488, LogicRNCID=140",NodeB Unavailable
01/01/2025 05:48,01/01/2025 05:51,"NodeB Name=DURLRD0488, LogicRNCID=140",NodeB Unavailable
01/01/2025 07:21,01/01/2025 07:25,"NodeB Name=NLEAPO1383, LogicRNCID=140",NodeB Unavailable
01/01/2025 07:21,01/01/2025 07:38,"NodeB Name=NLEAPO0523, LogicRNCID=140",NodeB Unavailable
01/01/2025 07:21,01/01/2025 07:28,"NodeB Name=NLEAPO0510, LogicRNCID=140",NodeB Unavailable
01/01/2025 07:21,01/01/2025 07:23,"NodeB Name=NLEAPO6020, LogicRNCID=140",NodeB Unavailable
01/01/2025 07:28,01/01/2025 07:34,"NodeB Name=NLEANH0505, LogicRNCID=141",NodeB Unavailable
01/01/2025 07:28,01/01/2025 07:34,"NodeB Name=NLEVCI1001, LogicRNCID=140",NodeB Unavailable
01/01/2025 07:29,01/01/2025 12:41,"NodeB Name=TAMNLD1147, LogicRNCID=141",NodeB Unavailable
01/01/2025 08:03,01/01/2025 09:08,"NodeB Name=NLEGRS2178, LogicRNCID=140",NodeB Unavailable
01/01/2025 08:28,01/01/2025 08:33,"NodeB Name=SLPSLP3583, LogicRNCID=162",NodeB Unavailable
01/01/2025 08:44,01/01/2025 11:34,"NodeB Name=QTOSJR1436, LogicRNCID=162",NodeB Unavailable
01/01/2025 09:08,01/01/2025 09:12,"NodeB Name=COATOR1929, LogicRNCID=140",NodeB Unavailable
01/01/2025 09:12,01/01/2025 09:14,"NodeB Name=COATOR1929, LogicRNCID=140",NodeB Unavailable
01/01/2025 09:16,01/01/2025 09:17,"NodeB Name=GUALEO0431, LogicRNCID=160",NodeB Unavailable
01/01/2025 09:22,01/01/2025 11:29,"NodeB Name=COAMCV1913, LogicRNCID=140",NodeB Unavailable
01/01/2025 10:20,01/01/2025 10:35,NodeB Name=CHHCHH1668,NodeB Unavailable
01/01/2025 10:40,01/01/2025 10:44,"NodeB Name=COAMCV1908, LogicRNCID=140",NodeB Unavailable
01/01/2025 10:43,01/01/2025 10:49,"NodeB Name=NLEANH0505, LogicRNCID=141",NodeB Unavailable
01/01/2025 10:43,01/01/2025 10:49,"NodeB Name=NLEVCI1001, LogicRNCID=140",NodeB Unavailable
01/01/2025 10:49,01/01/2025 10:52,"NodeB Name=SUZACGDP7121Z, LogicRNCID=160",NodeB Unavailable
01/01/2025 11:46,01/01/2025 11:47,"NodeB Name=GUALEO2709, LogicRNCID=160",NodeB Unavailable
01/01/2025 11:48,01/01/2025 11:49,"NodeB Name=GUALEO2709, LogicRNCID=160",NodeB Unavailable
01/01/2025 11:50,01/01/2025 11:56,"NodeB Name=GUALEO2709, LogicRNCID=160",NodeB Unavailable
01/01/2025 12:31,01/01/2025 12:32,"NodeB Name=DURSCL0499, LogicRNCID=140",NodeB Unavailable
01/01/2025 12:31,01/01/2025 12:32,"NodeB Name=DURPBL0497, LogicRNCID=140",NodeB Unavailable
01/01/2025 12:31,01/01/2025 12:32,"NodeB Name=DURPNC1681, LogicRNCID=140",NodeB Unavailable
01/01/2025 12:31,01/01/2025 12:32,"NodeB Name=DURLRD0490, LogicRNCID=140",NodeB Unavailable
01/01/2025 12:31,01/01/2025 12:32,"NodeB Name=DURGDV0471, LogicRNCID=140",NodeB Unavailable
01/01/2025 12:31,01/01/2025 12:32,"NodeB Name=DURLRD0491, LogicRNCID=140",NodeB Unavailable
01/01/2025 12:31,01/01/2025 12:32,"NodeB Name=DURGDV0470, LogicRNCID=140",NodeB Unavailable
01/01/2025 12:31,01/01/2025 12:32,"NodeB Name=DURCNM0429, LogicRNCID=140",NodeB Unavailable
01/01/2025 12:31,01/01/2025 12:32,"NodeB Name=DURCNM0432, LogicRNCID=140",NodeB Unavailable
01/01/2025 12:31,01/01/2025 12:32,"NodeB Name=DURCNM0430, LogicRNCID=140",NodeB Unavailable
01/01/2025 12:31,01/01/2025 12:32,"NodeB Name=DURCNM0431, LogicRNCID=140",NodeB Unavailable
01/01/2025 12:31,01/01/2025 12:32,"NodeB Name=DURLRD0492, LogicRNCID=140",NodeB Unavailable
01/01/2025 12:51,01/01/2025 12:57,"NodeB Name=DURLRD0487, LogicRNCID=140",NodeB Unavailable
01/01/2025 13:09,01/01/2025 13:13,"NodeB Name=COATOR1153, LogicRNCID=140",NodeB Unavailable
01/01/2025 13:50,01/01/2025 13:56,"NodeB Name=GUALEO0431, LogicRNCID=160",NodeB Unavailable
01/01/2025 14:02,01/01/2025 14:06,"NodeB Name=DURLRD0490, LogicRNCID=140",NodeB Unavailable
01/01/2025 14:49,01/01/2025 16:22,"NodeB Name=TAMALT1020, LogicRNCID=141",NodeB Unavailable
01/01/2025 15:01,01/01/2025 16:58,"NodeB Name=QTOQTO1374, LogicRNCID=162",NodeB Unavailable
01/01/2025 15:24,01/01/2025 15:33,"NodeB Name=ZACZAC1593, LogicRNCID=160",NodeB Unavailable
01/01/2025 15:24,01/01/2025 15:33,"NodeB Name=ZACZAC1596, LogicRNCID=160",NodeB Unavailable
01/01/2025 17:52,01/01/2025 17:53,"NodeB Name=NLECDJ0555, LogicRNCID=140",NodeB Unavailable
01/01/2025 18:53,01/01/2025 18:55,"NodeB Name=NLECDJ0555, LogicRNCID=140",NodeB Unavailable
01/01/2025 23:39,01/01/2025 23:43,"NodeB Name=NLEMTY0859, LogicRNCID=140",NodeB Unavailable
02/01/2025 00:32,02/01/2025 00:37,"NodeB Name=NLEANH0505, LogicRNCID=141",NodeB Unavailable
02/01/2025 00:32,02/01/2025 00:37,"NodeB Name=NLEVCI1001, LogicRNCID=140",NodeB Unavailable
02/01/2025 00:51,02/01/2025 00:57,"NodeB Name=NLEANH0505, LogicRNCID=141",NodeB Unavailable
02/01/2025 00:51,02/01/2025 00:57,"NodeB Name=NLEVCI1001, LogicRNCID=140",NodeB Unavailable
02/01/2025 01:17,02/01/2025 01:19,"NodeB Name=SUGUACEL7081Z, LogicRNCID=162",NodeB Unavailable
02/01/2025 01:30,02/01/2025 01:32,"NodeB Name=SUGUACEL7081Z, LogicRNCID=162",NodeB Unavailable
02/01/2025 01:37,02/01/2025 01:38,"NodeB Name=NLECDJ0555, LogicRNCID=140",NodeB Unavailable
02/01/2025 01:53,02/01/2025 01:54,"NodeB Name=NLECDJ0555, LogicRNCID=140",NodeB Unavailable
02/01/2025 01:55,02/01/2025 01:56,"NodeB Name=NLECDJ0555, LogicRNCID=140",NodeB Unavailable
02/01/2025 01:58,02/01/2025 02:00,"NodeB Name=NLECDJ0555, LogicRNCID=140",NodeB Unavailable
02/01/2025 02:01,02/01/2025 02:03,"NodeB Name=NLECDJ0555, LogicRNCID=140",NodeB Unavailable
02/01/2025 02:04,02/01/2025 02:09,"NodeB Name=NLEGRS2178, LogicRNCID=140",NodeB Unavailable
02/01/2025 02:10,02/01/2025 02:11,"NodeB Name=NLEGRS2178, LogicRNCID=140",NodeB Unavailable
02/01/2025 02:11,02/01/2025 02:19,"NodeB Name=SLPSLP1484, LogicRNCID=162",NodeB Unavailable
02/01/2025 02:11,02/01/2025 02:15,"NodeB Name=NLEGRS2178, LogicRNCID=140",NodeB Unavailable
02/01/2025 02:23,02/01/2025 02:28,"NodeB Name=NLEAPO0523, LogicRNCID=140",NodeB Unavailable
02/01/2025 02:23,02/01/2025 02:26,"NodeB Name=NLEAPO0510, LogicRNCID=140",NodeB Unavailable
02/01/2025 02:30,02/01/2025 02:35,"NodeB Name=NLEAPO0523, LogicRNCID=140",NodeB Unavailable
02/01/2025 02:30,02/01/2025 02:33,"NodeB Name=NLEAPO0510, LogicRNCID=140",NodeB Unavailable
02/01/2025 02:40,02/01/2025 02:44,"NodeB Name=NLEMTY0859, LogicRNCID=140",NodeB Unavailable
02/01/2025 02:49,02/01/2025 02:54,"NodeB Name=NLEANH0505, LogicRNCID=141",NodeB Unavailable
02/01/2025 02:49,02/01/2025 02:54,"NodeB Name=NLEVCI1001, LogicRNCID=140",NodeB Unavailable
02/01/2025 02:53,02/01/2025 02:57,"NodeB Name=GUASAL0479, LogicRNCID=160",NodeB Unavailable
02/01/2025 04:46,02/01/2025 04:52,"NodeB Name=NLEANH0505, LogicRNCID=141",NodeB Unavailable
02/01/2025 04:46,02/01/2025 04:52,"NodeB Name=NLEVCI1001, LogicRNCID=140",NodeB Unavailable
02/01/2025 05:34,02/01/2025 05:38,"NodeB Name=NLEMTY0859, LogicRNCID=140",NodeB Unavailable
02/01/2025 06:16,02/01/2025 11:13,"NodeB Name=NLECDJ0555, LogicRNCID=140",NodeB Unavailable
02/01/2025 07:34,02/01/2025 07:42,"NodeB Name=COAART0275, LogicRNCID=140",NodeB Unavailable
02/01/2025 07:34,02/01/2025 07:42,"NodeB Name=COAART2193, LogicRNCID=140",NodeB Unavailable
02/01/2025 07:34,02/01/2025 07:42,"NodeB Name=COAART0278, LogicRNCID=140",NodeB Unavailable
02/01/2025 07:34,02/01/2025 07:42,"NodeB Name=COAART0279, LogicRNCID=140",NodeB Unavailable
02/01/2025 08:15,02/01/2025 08:17,"NodeB Name=GUALEO0340, LogicRNCID=160",NodeB Unavailable
02/01/2025 08:16,02/01/2025 08:20,"NodeB Name=COATOR0400, LogicRNCID=140",NodeB Unavailable
02/01/2025 09:03,02/01/2025 09:05,"NodeB Name=NLEMTY0794, LogicRNCID=140",NodeB Unavailable
02/01/2025 09:44,04/01/2025 11:49,"NodeB Name=COAMCV1915, LogicRNCID=140",NodeB Unavailable
02/01/2025 10:04,02/01/2025 10:06,"NodeB Name=COANVA0304, LogicRNCID=140",NodeB Unavailable
02/01/2025 11:44,02/01/2025 12:12,"NodeB Name=MUTAMMTS4165, LogicRNCID=141",NodeB Unavailable
02/01/2025 12:42,02/01/2025 13:03,"NodeB Name=QTOQTO2169, LogicRNCID=162",NodeB Unavailable
02/01/2025 12:59,02/01/2025 14:36,"NodeB Name=MUCOARAM4112, LogicRNCID=140",NodeB Unavailable
02/01/2025 13:04,02/01/2025 13:05,"NodeB Name=GUAFRI0207, LogicRNCID=160",NodeB Unavailable
02/01/2025 13:04,02/01/2025 13:09,"NodeB Name=GUAPUR1853, LogicRNCID=160",NodeB Unavailable
02/01/2025 13:04,02/01/2025 13:10,"NodeB Name=GUAPUR1851, LogicRNCID=160",NodeB Unavailable
02/01/2025 13:04,02/01/2025 13:10,"NodeB Name=GUAPUR2410, LogicRNCID=160",NodeB Unavailable
02/01/2025 13:04,02/01/2025 13:10,"NodeB Name=GUAPUR0462, LogicRNCID=160",NodeB Unavailable
02/01/2025 13:10,02/01/2025 13:11,"NodeB Name=GUAPUR0462, LogicRNCID=160",NodeB Unavailable
02/01/2025 13:14,02/01/2025 13:15,"NodeB Name=SUCOASLT7109Z, LogicRNCID=140",NodeB Unavailable
02/01/2025 14:16,02/01/2025 15:18,"NodeB Name=NLEPGG0882, LogicRNCID=140",NodeB Unavailable
02/01/2025 14:24,02/01/2025 17:13,"NodeB Name=NLEPES2338, LogicRNCID=140",NodeB Unavailable
02/01/2025 14:24,02/01/2025 17:13,"NodeB Name=NLEAPO0508, LogicRNCID=140",NodeB Unavailable
02/01/2025 14:24,02/01/2025 17:13,"NodeB Name=NLEPES1847, LogicRNCID=140",NodeB Unavailable
02/01/2025 15:24,02/01/2025 17:13,"NodeB Name=GUASAL0478, LogicRNCID=160",NodeB Unavailable
02/01/2025 15:46,02/01/2025 16:31,"NodeB Name=ZACVLP1588, LogicRNCID=160",NodeB Unavailable
02/01/2025 15:46,02/01/2025 16:31,"NodeB Name=ZACVLN1587, LogicRNCID=160",NodeB Unavailable
02/01/2025 16:19,02/01/2025 16:21,"NodeB Name=NLEAPO0524, LogicRNCID=140",NodeB Unavailable
02/01/2025 16:41,02/01/2025 17:24,"NodeB Name=GUASAL1858, LogicRNCID=160",NodeB Unavailable
02/01/2025 16:45,02/01/2025 16:47,"NodeB Name=GUASAL0469, LogicRNCID=160",NodeB Unavailable
02/01/2025 16:45,02/01/2025 16:47,"NodeB Name=GUAYUR0550, LogicRNCID=160",NodeB Unavailable
02/01/2025 16:45,02/01/2025 16:47,"NodeB Name=GUASVT0535, LogicRNCID=160",NodeB Unavailable
02/01/2025 16:45,02/01/2025 16:47,"NodeB Name=GUASVT0537, LogicRNCID=160",NodeB Unavailable
02/01/2025 16:45,02/01/2025 16:47,"NodeB Name=GUASAL0471, LogicRNCID=160",NodeB Unavailable
02/01/2025 16:45,02/01/2025 16:47,"NodeB Name=GUASAL0473, LogicRNCID=160",NodeB Unavailable
02/01/2025 16:46,02/01/2025 16:47,"NodeB Name=SUGUASAL7097Z, LogicRNCID=160",NodeB Unavailable
02/01/2025 16:56,02/01/2025 17:01,"NodeB Name=GUALEO0341, LogicRNCID=160",NodeB Unavailable
02/01/2025 17:13,02/01/2025 17:14,"NodeB Name=NLEPES1847, LogicRNCID=140",NodeB Unavailable
02/01/2025 20:24,02/01/2025 22:23,"NodeB Name=TAMREY1591, LogicRNCID=141",NodeB Unavailable
02/01/2025 21:12,02/01/2025 21:15,"NodeB Name=NLEGRS1484, LogicRNCID=140",NodeB Unavailable
02/01/2025 21:12,02/01/2025 21:15,"NodeB Name=NLEGRS0690, LogicRNCID=140",NodeB Unavailable
02/01/2025 22:11,02/01/2025 22:35,"NodeB Name=GUALEO0325, LogicRNCID=160",NodeB Unavailable
02/01/2025 22:13,02/01/2025 22:37,"NodeB Name=TAMREY1266, LogicRNCID=141",NodeB Unavailable
02/01/2025 23:55,03/01/2025 02:28,"NodeB Name=TAMREY1266, LogicRNCID=141",NodeB Unavailable
03/01/2025 01:54,03/01/2025 02:11,"NodeB Name=NLEAPO1385, LogicRNCID=140",NodeB Unavailable
03/01/2025 01:54,03/01/2025 02:11,"NodeB Name=NLEAPO1389, LogicRNCID=140",NodeB Unavailable
03/01/2025 01:54,03/01/2025 02:11,"NodeB Name=NLEAPO0541, LogicRNCID=140",NodeB Unavailable
03/01/2025 01:54,03/01/2025 02:11,"NodeB Name=NLEAPO0546, LogicRNCID=140",NodeB Unavailable
03/01/2025 01:54,03/01/2025 02:11,"NodeB Name=NLEAPO1382, LogicRNCID=140",NodeB Unavailable
03/01/2025 01:54,03/01/2025 02:13,"NodeB Name=NLEAPO0531, LogicRNCID=140",NodeB Unavailable
03/01/2025 02:15,03/01/2025 02:20,"NodeB Name=NLEPGG0882, LogicRNCID=140",NodeB Unavailable
03/01/2025 02:21,03/01/2025 02:22,"NodeB Name=NLESGO0943, LogicRNCID=140",NodeB Unavailable
03/01/2025 02:21,03/01/2025 02:22,"NodeB Name=NLEMTY0779, LogicRNCID=140",NodeB Unavailable
03/01/2025 02:21,03/01/2025 02:22,"NodeB Name=NLESGO1931, LogicRNCID=140",NodeB Unavailable
03/01/2025 02:22,03/01/2025 02:26,"NodeB Name=NLEPGG0882, LogicRNCID=140",NodeB Unavailable
03/01/2025 02:36,06/01/2025 16:28,"NodeB Name=DURLRD0492, LogicRNCID=140",NodeB Unavailable
03/01/2025 02:41,03/01/2025 02:58,"NodeB Name=NLEAPO1385, LogicRNCID=140",NodeB Unavailable
03/01/2025 02:41,03/01/2025 02:58,"NodeB Name=NLEAPO1389, LogicRNCID=140",NodeB Unavailable
03/01/2025 02:41,03/01/2025 02:58,"NodeB Name=NLEAPO0546, LogicRNCID=140",NodeB Unavailable
03/01/2025 02:41,03/01/2025 02:59,"NodeB Name=NLEAPO0541, LogicRNCID=140",NodeB Unavailable
03/01/2025 02:41,03/01/2025 03:00,"NodeB Name=NLEAPO0531, LogicRNCID=140",NodeB Unavailable
03/01/2025 02:41,03/01/2025 02:58,"NodeB Name=NLEAPO1382, LogicRNCID=140",NodeB Unavailable
03/01/2025 02:45,03/01/2025 02:50,"NodeB Name=DURLRD0490, LogicRNCID=140",NodeB Unavailable
03/01/2025 02:56,03/01/2025 02:59,"NodeB Name=GUASAL0479, LogicRNCID=160",NodeB Unavailable
03/01/2025 02:58,03/01/2025 03:00,"NodeB Name=NLEAPO0514, LogicRNCID=140",NodeB Unavailable
03/01/2025 03:28,03/01/2025 12:33,"NodeB Name=DURLRD0490, LogicRNCID=140",NodeB Unavailable
03/01/2025 03:28,03/01/2025 12:33,"NodeB Name=DURCNM0431, LogicRNCID=140",NodeB Unavailable
03/01/2025 03:28,03/01/2025 12:33,"NodeB Name=DURLRD0491, LogicRNCID=140",NodeB Unavailable
03/01/2025 04:47,03/01/2025 10:44,"NodeB Name=NLESNG0968, LogicRNCID=140",NodeB Unavailable
03/01/2025 05:45,03/01/2025 05:49,"NodeB Name=NLEMTY0859, LogicRNCID=140",NodeB Unavailable
03/01/2025 06:01,03/01/2025 08:28,"NodeB Name=NLEMTY0804, LogicRNCID=140",NodeB Unavailable
03/01/2025 07:21,03/01/2025 07:23,"NodeB Name=NLEMTY0794, LogicRNCID=140",NodeB Unavailable
03/01/2025 09:12,03/01/2025 09:14,"NodeB Name=HTOR0018, LogicRNCID=140",NodeB Unavailable
03/01/2025 09:12,03/01/2025 09:14,"NodeB Name=COA-4118_281_Revolucion, LogicRNCID=140",NodeB Unavailable
03/01/2025 09:15,03/01/2025 09:22,"NodeB Name=NLEJRZ0703, LogicRNCID=140",NodeB Unavailable
03/01/2025 09:25,03/01/2025 09:32,"NodeB Name=NLEJRZ0703, LogicRNCID=140",NodeB Unavailable
03/01/2025 09:43,03/01/2025 09:47,"NodeB Name=NLECDJ0556, LogicRNCID=140",NodeB Unavailable
03/01/2025 09:43,03/01/2025 09:47,"NodeB Name=NLECDJ1407, LogicRNCID=140",NodeB Unavailable
03/01/2025 09:43,03/01/2025 09:47,"NodeB Name=NLECDJ1405, LogicRNCID=140",NodeB Unavailable
03/01/2025 09:43,03/01/2025 09:47,"NodeB Name=NLECDJ0554, LogicRNCID=140",NodeB Unavailable
03/01/2025 09:43,03/01/2025 09:47,"NodeB Name=NLECDJ0558, LogicRNCID=140",NodeB Unavailable
03/01/2025 09:43,03/01/2025 09:47,"NodeB Name=NLECDJ1404, LogicRNCID=140",NodeB Unavailable
03/01/2025 09:43,03/01/2025 09:47,"NodeB Name=NLECDJ0559, LogicRNCID=140",NodeB Unavailable
03/01/2025 09:43,03/01/2025 09:47,"NodeB Name=NLECDJ1406, LogicRNCID=140",NodeB Unavailable
03/01/2025 09:43,03/01/2025 09:47,"NodeB Name=NLECDJ0557, LogicRNCID=140",NodeB Unavailable
03/01/2025 09:43,03/01/2025 09:47,"NodeB Name=NLECDJ1409, LogicRNCID=140",NodeB Unavailable
03/01/2025 09:43,03/01/2025 09:47,"NodeB Name=NLECDJ1408, LogicRNCID=140",NodeB Unavailable
03/01/2025 09:55,03/01/2025 09:57,"NodeB Name=NLECDJ0556, LogicRNCID=140",NodeB Unavailable
03/01/2025 09:55,03/01/2025 09:57,"NodeB Name=NLECDJ1407, LogicRNCID=140",NodeB Unavailable
03/01/2025 09:55,03/01/2025 09:57,"NodeB Name=NLECDJ1405, LogicRNCID=140",NodeB Unavailable
03/01/2025 09:55,03/01/2025 09:57,"NodeB Name=NLECDJ1409, LogicRNCID=140",NodeB Unavailable
03/01/2025 09:55,03/01/2025 09:57,"NodeB Name=NLECDJ0554, LogicRNCID=140",NodeB Unavailable
03/01/2025 09:55,03/01/2025 09:57,"NodeB Name=NLECDJ0559, LogicRNCID=140",NodeB Unavailable
03/01/2025 09:55,03/01/2025 09:57,"NodeB Name=NLECDJ1404, LogicRNCID=140",NodeB Unavailable
03/01/2025 09:55,03/01/2025 09:57,"NodeB Name=NLECDJ1406, LogicRNCID=140",NodeB Unavailable
03/01/2025 09:55,03/01/2025 09:57,"NodeB Name=NLECDJ1408, LogicRNCID=140",NodeB Unavailable
03/01/2025 09:55,03/01/2025 09:57,"NodeB Name=NLECDJ0558, LogicRNCID=140",NodeB Unavailable
03/01/2025 09:55,03/01/2025 09:57,"NodeB Name=NLECDJ0557, LogicRNCID=140",NodeB Unavailable
03/01/2025 09:55,03/01/2025 10:00,"NodeB Name=TAMGNZ1050, LogicRNCID=141",NodeB Unavailable
03/01/2025 10:03,03/01/2025 10:08,"NodeB Name=TAMGNZ1050, LogicRNCID=141",NodeB Unavailable
03/01/2025 10:06,03/01/2025 10:08,"NodeB Name=NLECDJ1407, LogicRNCID=140",NodeB Unavailable
03/01/2025 10:06,03/01/2025 10:08,"NodeB Name=NLECDJ0556, LogicRNCID=140",NodeB Unavailable
03/01/2025 10:06,03/01/2025 10:08,"NodeB Name=NLECDJ1405, LogicRNCID=140",NodeB Unavailable
03/01/2025 10:06,03/01/2025 10:10,"NodeB Name=NLECDJ1409, LogicRNCID=140",NodeB Unavailable
03/01/2025 10:06,03/01/2025 10:08,"NodeB Name=NLECDJ0558, LogicRNCID=140",NodeB Unavailable
03/01/2025 10:06,03/01/2025 10:08,"NodeB Name=NLECDJ0554, LogicRNCID=140",NodeB Unavailable
03/01/2025 10:06,03/01/2025 10:08,"NodeB Name=NLECDJ0557, LogicRNCID=140",NodeB Unavailable
03/01/2025 10:06,03/01/2025 10:08,"NodeB Name=NLECDJ1408, LogicRNCID=140",NodeB Unavailable
03/01/2025 10:06,03/01/2025 10:08,"NodeB Name=NLECDJ0559, LogicRNCID=140",NodeB Unavailable
03/01/2025 10:06,03/01/2025 10:08,"NodeB Name=NLECDJ1404, LogicRNCID=140",NodeB Unavailable
03/01/2025 10:06,03/01/2025 10:08,"NodeB Name=NLECDJ1406, LogicRNCID=140",NodeB Unavailable
03/01/2025 10:08,03/01/2025 10:09,"NodeB Name=NLECDJ0556, LogicRNCID=140",NodeB Unavailable
03/01/2025 10:08,03/01/2025 10:10,"NodeB Name=NLECDJ1405, LogicRNCID=140",NodeB Unavailable
03/01/2025 10:08,03/01/2025 10:10,"NodeB Name=NLECDJ0554, LogicRNCID=140",NodeB Unavailable
03/01/2025 10:08,03/01/2025 10:10,"NodeB Name=NLECDJ0558, LogicRNCID=140",NodeB Unavailable
03/01/2025 10:08,03/01/2025 10:10,"NodeB Name=NLECDJ1407, LogicRNCID=140",NodeB Unavailable
03/01/2025 10:08,03/01/2025 10:10,"NodeB Name=NLECDJ0559, LogicRNCID=140",NodeB Unavailable
03/01/2025 10:08,03/01/2025 10:10,"NodeB Name=NLECDJ1406, LogicRNCID=140",NodeB Unavailable
03/01/2025 10:08,03/01/2025 10:10,"NodeB Name=NLECDJ1404, LogicRNCID=140",NodeB Unavailable
03/01/2025 10:08,03/01/2025 10:10,"NodeB Name=NLECDJ0557, LogicRNCID=140",NodeB Unavailable
03/01/2025 10:08,03/01/2025 10:10,"NodeB Name=NLECDJ1408, LogicRNCID=140",NodeB Unavailable
03/01/2025 11:36,03/01/2025 11:56,"NodeB Name=QTOQTO1394, LogicRNCID=162",NodeB Unavailable
03/01/2025 12:02,03/01/2025 12:07,"NodeB Name=QTOQTO1394, LogicRNCID=162",NodeB Unavailable
03/01/2025 12:06,03/01/2025 12:11,"NodeB Name=SUCOASLT7109Z, LogicRNCID=140",NodeB Unavailable
03/01/2025 12:19,03/01/2025 12:22,"NodeB Name=QTOQTO1394, LogicRNCID=162",NodeB Unavailable
03/01/2025 13:06,03/01/2025 13:51,"NodeB Name=SUCOASLT7109Z, LogicRNCID=140",NodeB Unavailable
03/01/2025 13:09,03/01/2025 13:36,"NodeB Name=QTOQTO1394, LogicRNCID=162",NodeB Unavailable
03/01/2025 13:39,03/01/2025 13:46,"NodeB Name=GUASIL0508, LogicRNCID=160",NodeB Unavailable
03/01/2025 14:10,03/01/2025 16:02,"NodeB Name=MUCOASLT4038, LogicRNCID=140",NodeB Unavailable
03/01/2025 14:14,03/01/2025 14:34,"NodeB Name=QTOQTO1394, LogicRNCID=162",NodeB Unavailable
03/01/2025 14:42,03/01/2025 14:44,"NodeB Name=QTOQTO1394, LogicRNCID=162",NodeB Unavailable
03/01/2025 14:46,03/01/2025 15:05,"NodeB Name=QTOQTO1394, LogicRNCID=162",NodeB Unavailable
03/01/2025 15:07,03/01/2025 15:11,"NodeB Name=DURLRD0490, LogicRNCID=140",NodeB Unavailable
03/01/2025 15:11,03/01/2025 15:13,QRORNC162,NodeB Unavailable
03/01/2025 15:19,03/01/2025 15:21,QRORNC162,NodeB Unavailable
03/01/2025 15:21,03/01/2025 15:37,"NodeB Name=COATOR0408, LogicRNCID=140",NodeB Unavailable
03/01/2025 15:21,03/01/2025 15:37,"NodeB Name=COATOR0420, LogicRNCID=140",NodeB Unavailable
03/01/2025 15:21,03/01/2025 15:38,"NodeB Name=COATOR0409, LogicRNCID=140",NodeB Unavailable
03/01/2025 15:21,03/01/2025 15:37,"NodeB Name=COATOR0394, LogicRNCID=140",NodeB Unavailable
03/01/2025 15:21,03/01/2025 15:37,"NodeB Name=COATOR0425, LogicRNCID=140",NodeB Unavailable
03/01/2025 15:21,03/01/2025 15:37,"NodeB Name=COATOR0392, LogicRNCID=140",NodeB Unavailable
03/01/2025 15:21,03/01/2025 15:37,"NodeB Name=COATOR0407, LogicRNCID=140",NodeB Unavailable
03/01/2025 15:40,03/01/2025 16:44,"NodeB Name=QTOQTO1394, LogicRNCID=162",NodeB Unavailable
03/01/2025 16:09,03/01/2025 16:34,"NodeB Name=SUCOASLT7109Z, LogicRNCID=140",NodeB Unavailable
03/01/2025 16:13,03/01/2025 16:17,"NodeB Name=DURLRD0490, LogicRNCID=140",NodeB Unavailable
03/01/2025 16:30,03/01/2025 16:35,"NodeB Name=DURGOM2232, LogicRNCID=140",NodeB Unavailable
03/01/2025 16:40,03/01/2025 16:41,"NodeB Name=SUCOASLT7109Z, LogicRNCID=140",NodeB Unavailable
03/01/2025 16:48,03/01/2025 16:50,"NodeB Name=GUAFRI0207, LogicRNCID=160",NodeB Unavailable
03/01/2025 18:19,03/01/2025 18:27,"NodeB Name=NLEGDP1436, LogicRNCID=140",NodeB Unavailable
03/01/2025 19:04,03/01/2025 19:15,"NodeB Name=DURGOM2232, LogicRNCID=140",NodeB Unavailable
03/01/2025 19:22,04/01/2025 11:38,"NodeB Name=GUAFRI0207, LogicRNCID=160",NodeB Unavailable
03/01/2025 20:38,03/01/2025 20:43,"NodeB Name=DURGOM2232, LogicRNCID=140",NodeB Unavailable
03/01/2025 20:40,03/01/2025 20:42,"NodeB Name=SUQTOQTO7100Z, LogicRNCID=162",NodeB Unavailable
03/01/2025 20:57,03/01/2025 21:12,"NodeB Name=NLEMTY0823, LogicRNCID=140",NodeB Unavailable
03/01/2025 20:57,03/01/2025 21:02,"NodeB Name=DURGOM2232, LogicRNCID=140",NodeB Unavailable
03/01/2025 21:38,03/01/2025 21:44,"NodeB Name=HNLD0086, LogicRNCID=141",NodeB Unavailable
03/01/2025 22:06,03/01/2025 22:50,"NodeB Name=GUALEO0325, LogicRNCID=160",NodeB Unavailable
03/01/2025 22:44,03/01/2025 22:49,"NodeB Name=NLEJRZ0702, LogicRNCID=140",NodeB Unavailable
03/01/2025 23:08,03/01/2025 23:11,"NodeB Name=NLEMTY2334, LogicRNCID=140",NodeB Unavailable
03/01/2025 23:29,03/01/2025 23:34,"NodeB Name=SUNLEPGG7117Z, LogicRNCID=140",NodeB Unavailable
03/01/2025 23:52,03/01/2025 23:56,"NodeB Name=QTOTQQ2208, LogicRNCID=162",NodeB Unavailable
04/01/2025 01:17,04/01/2025 01:20,"NodeB Name=DURGOM0483, LogicRNCID=140",NodeB Unavailable
04/01/2025 02:05,04/01/2025 02:07,"NodeB Name=SUNLEPGG7117Z, LogicRNCID=140",NodeB Unavailable
04/01/2025 02:17,04/01/2025 02:21,"NodeB Name=SLPSLP1484, LogicRNCID=162",NodeB Unavailable
04/01/2025 02:25,04/01/2025 02:29,"NodeB Name=NLEMTY0804, LogicRNCID=140",NodeB Unavailable
04/01/2025 02:29,04/01/2025 02:32,"NodeB Name=NLESNG0968, LogicRNCID=140",NodeB Unavailable
04/01/2025 02:32,04/01/2025 02:36,"NodeB Name=NLEMTY0804, LogicRNCID=140",NodeB Unavailable
04/01/2025 02:36,04/01/2025 02:39,"NodeB Name=NLESNG0968, LogicRNCID=140",NodeB Unavailable
04/01/2025 02:43,04/01/2025 02:47,"NodeB Name=NLEAPO0531, LogicRNCID=140",NodeB Unavailable
04/01/2025 02:47,04/01/2025 02:51,"NodeB Name=SUNLEPGG7117Z, LogicRNCID=140",NodeB Unavailable
04/01/2025 02:50,04/01/2025 02:53,"NodeB Name=NLEAPO0531, LogicRNCID=140",NodeB Unavailable
04/01/2025 07:25,04/01/2025 10:26,"NodeB Name=GUAVSN0548, LogicRNCID=160",NodeB Unavailable
04/01/2025 07:25,04/01/2025 10:26,"NodeB Name=GUAVSN0546, LogicRNCID=160",NodeB Unavailable
04/01/2025 07:25,04/01/2025 10:26,"NodeB Name=GUAVSN0545, LogicRNCID=160",NodeB Unavailable
04/01/2025 07:25,04/01/2025 10:26,"NodeB Name=GUAVSN0544, LogicRNCID=160",NodeB Unavailable
04/01/2025 07:25,04/01/2025 08:54,"NodeB Name=GUAJAR0289, LogicRNCID=160",NodeB Unavailable
04/01/2025 07:40,04/01/2025 07:43,"NodeB Name=ZACZAC1599, LogicRNCID=160",NodeB Unavailable
04/01/2025 08:12,04/01/2025 08:14,"NodeB Name=ZACVLN1587, LogicRNCID=160",NodeB Unavailable
04/01/2025 08:12,04/01/2025 08:14,"NodeB Name=ZACVLP1588, LogicRNCID=160",NodeB Unavailable
04/01/2025 08:28,04/01/2025 08:29,"NodeB Name=GUALEO0371, LogicRNCID=160",NodeB Unavailable
04/01/2025 08:34,04/01/2025 08:36,"NodeB Name=COASLT2216, LogicRNCID=140",NodeB Unavailable
04/01/2025 08:54,04/01/2025 09:08,"NodeB Name=GUAJAR0289, LogicRNCID=160",NodeB Unavailable
04/01/2025 09:09,04/01/2025 10:26,"NodeB Name=GUAJAR0289, LogicRNCID=160",NodeB Unavailable
04/01/2025 09:29,04/01/2025 09:34,"NodeB Name=GUAGUA0231, LogicRNCID=160",NodeB Unavailable
04/01/2025 09:29,04/01/2025 09:32,"NodeB Name=GUAGUA0221, LogicRNCID=160",NodeB Unavailable
04/01/2025 09:32,04/01/2025 09:37,"NodeB Name=GUAGUA0221, LogicRNCID=160",NodeB Unavailable
04/01/2025 09:38,04/01/2025 09:46,"NodeB Name=COA-4130_303_Los_Vinedos_(II), LogicRNCID=140",NodeB Unavailable
04/01/2025 09:38,04/01/2025 09:46,"NodeB Name=HTOR0055, LogicRNCID=140",NodeB Unavailable
04/01/2025 09:58,04/01/2025 09:59,"NodeB Name=NLESLV1564, LogicRNCID=140",NodeB Unavailable
04/01/2025 10:25,04/01/2025 10:29,"NodeB Name=DURLRD0490, LogicRNCID=140",NodeB Unavailable
04/01/2025 10:37,04/01/2025 10:40,"NodeB Name=COASJS0330, LogicRNCID=140",NodeB Unavailable
04/01/2025 10:38,04/01/2025 10:43,GUARNC160,NodeB Unavailable
04/01/2025 10:38,04/01/2025 10:42,"NodeB Name=DURLRD0490, LogicRNCID=140",NodeB Unavailable
04/01/2025 10:40,04/01/2025 10:49,"NodeB Name=COASJS0330, LogicRNCID=140",NodeB Unavailable
04/01/2025 10:49,04/01/2025 11:04,"NodeB Name=GUAIRA0265, LogicRNCID=160",NodeB Unavailable
04/01/2025 11:05,04/01/2025 11:07,"NodeB Name=NLEAPO0527, LogicRNCID=140",NodeB Unavailable
04/01/2025 13:02,04/01/2025 13:05,NodeB Name=CHHCHH0084,NodeB Unavailable
04/01/2025 13:39,04/01/2025 19:30,"NodeB Name=TAMVHS1692, LogicRNCID=141",NodeB Unavailable
04/01/2025 13:39,04/01/2025 19:28,"NodeB Name=TAMVHS1305, LogicRNCID=141",NodeB Unavailable
04/01/2025 13:39,04/01/2025 19:33,"NodeB Name=TAMVHS1307, LogicRNCID=141",NodeB Unavailable
04/01/2025 13:39,04/01/2025 19:32,"NodeB Name=TAMVHS1308, LogicRNCID=141",NodeB Unavailable
04/01/2025 15:16,04/01/2025 22:32,"NodeB Name=DURGOM0474, LogicRNCID=140",NodeB Unavailable
04/01/2025 15:22,04/01/2025 15:27,"NodeB Name=QTOSJR1442, LogicRNCID=162",NodeB Unavailable
04/01/2025 16:52,04/01/2025 16:56,"NodeB Name=DURLRD0490, LogicRNCID=140",NodeB Unavailable
04/01/2025 17:04,04/01/2025 17:08,"NodeB Name=DURLRD0490, LogicRNCID=140",NodeB Unavailable
04/01/2025 17:36,04/01/2025 17:38,"NodeB Name=DURGOM0477, LogicRNCID=140",NodeB Unavailable
04/01/2025 17:57,04/01/2025 18:00,"NodeB Name=GUAIRA0283, LogicRNCID=160",NodeB Unavailable
04/01/2025 17:57,04/01/2025 18:03,"NodeB Name=GUAIRA0248, LogicRNCID=160",NodeB Unavailable
04/01/2025 18:41,04/01/2025 18:44,"NodeB Name=DURGOM0477, LogicRNCID=140",NodeB Unavailable
04/01/2025 20:18,04/01/2025 20:23,"NodeB Name=TAMTAM1289, LogicRNCID=141",NodeB Unavailable
04/01/2025 23:38,04/01/2025 23:54,"NodeB Name=VERVER0668, LogicRNCID=171",NodeB Unavailable
04/01/2025 22:47,04/01/2025 23:05,"NodeB Name=VERVER0668, LogicRNCID=171",NodeB Unavailable
04/01/2025 22:04,04/01/2025 22:27,"NodeB Name=VERVER0668, LogicRNCID=171",NodeB Unavailable
04/01/2025 21:20,04/01/2025 21:22,"NodeB Name=JALZAP2265, LogicRNCID=150",NodeB Unavailable
04/01/2025 19:56,04/01/2025 20:02,"NodeB Name=JALZAP2042, LogicRNCID=150",NodeB Unavailable
04/01/2025 18:48,04/01/2025 18:52,"NodeB Name=PUEQUE0341, LogicRNCID=170",NodeB Unavailable
04/01/2025 16:14,04/01/2025 16:17,"NodeB Name=VEREMZ0533, LogicRNCID=171",NodeB Unavailable
04/01/2025 13:44,04/01/2025 20:25,"NodeB Name=PUEPUE0762, LogicRNCID=170",NodeB Unavailable
04/01/2025 13:44,04/01/2025 20:54,"NodeB Name=PUEPUE0759, LogicRNCID=170",NodeB Unavailable
04/01/2025 13:31,04/01/2025 13:35,"NodeB Name=VERPPT0615, LogicRNCID=171",NodeB Unavailable
04/01/2025 13:10,04/01/2025 13:14,"NodeB Name=VERMTT0567, LogicRNCID=171",NodeB Unavailable
04/01/2025 12:30,04/01/2025 12:37,"NodeB Name=VERPPT0615, LogicRNCID=171",NodeB Unavailable
04/01/2025 12:23,04/01/2025 12:31,"NodeB Name=GROCYB0079, LogicRNCID=170",NodeB Unavailable
04/01/2025 11:58,04/01/2025 12:01,"NodeB Name=PUEQUE0341, LogicRNCID=170",NodeB Unavailable
04/01/2025 11:07,04/01/2025 11:12,"NodeB Name=VERCTZ0508, LogicRNCID=171",NodeB Unavailable
04/01/2025 10:53,04/01/2025 10:55,"NodeB Name=JALTLZ2016, LogicRNCID=150",NodeB Unavailable
04/01/2025 10:34,04/01/2025 10:35,"NodeB Name=PUESAC1067, LogicRNCID=170",NodeB Unavailable
04/01/2025 10:31,04/01/2025 10:32,"NodeB Name=PUESAC1067, LogicRNCID=170",NodeB Unavailable
04/01/2025 10:28,04/01/2025 11:46,"NodeB Name=VERJMP0553, LogicRNCID=171",NodeB Unavailable
04/01/2025 10:27,04/01/2025 10:29,"NodeB Name=PUESAC1067, LogicRNCID=170",NodeB Unavailable
04/01/2025 10:20,04/01/2025 10:21,"NodeB Name=PUESAC1067, LogicRNCID=170",NodeB Unavailable
04/01/2025 09:14,04/01/2025 09:16,"NodeB Name=VERAGD0448, LogicRNCID=171",NodeB Unavailable
04/01/2025 09:08,04/01/2025 09:14,"NodeB Name=VERAGD0448, LogicRNCID=171",NodeB Unavailable
04/01/2025 08:36,04/01/2025 12:07,"NodeB Name=GROCYB0079, LogicRNCID=170",NodeB Unavailable
04/01/2025 08:12,04/01/2025 08:14,"NodeB Name=OAXAYO0099, LogicRNCID=170",NodeB Unavailable
04/01/2025 08:12,04/01/2025 08:14,"NodeB Name=OAXVTP0140, LogicRNCID=170",NodeB Unavailable
04/01/2025 08:12,04/01/2025 08:14,"NodeB Name=OAXPUT0131, LogicRNCID=170",NodeB Unavailable
04/01/2025 08:12,04/01/2025 08:14,"NodeB Name=GROATO0065, LogicRNCID=170",NodeB Unavailable
04/01/2025 07:48,04/01/2025 07:52,"NodeB Name=JALBAR2808, LogicRNCID=151",NodeB Unavailable
04/01/2025 07:42,04/01/2025 07:45,"NodeB Name=PUEOYN2180, LogicRNCID=170",NodeB Unavailable
04/01/2025 07:33,04/01/2025 07:38,"NodeB Name=GROIGU0082, LogicRNCID=170",NodeB Unavailable
04/01/2025 06:52,04/01/2025 06:56,"NodeB Name=VERTLY0643, LogicRNCID=171",NodeB Unavailable
04/01/2025 02:45,04/01/2025 02:48,VERRNC171,NodeB Unavailable
04/01/2025 02:42,04/01/2025 02:46,"NodeB Name=VERNOG0583, LogicRNCID=170",NodeB Unavailable
04/01/2025 02:38,04/01/2025 02:42,VERRNC171,NodeB Unavailable
04/01/2025 01:02,04/01/2025 01:04,"NodeB Name=VERAGD0448, LogicRNCID=171",NodeB Unavailable
04/01/2025 00:56,04/01/2025 01:02,"NodeB Name=VERAGD0448, LogicRNCID=171",NodeB Unavailable
04/01/2025 00:02,04/01/2025 00:05,"NodeB Name=OAXMRH7026, LogicRNCID=170",NodeB Unavailable
03/01/2025 23:39,03/01/2025 23:41,"NodeB Name=OAXMRH7026, LogicRNCID=170",NodeB Unavailable
03/01/2025 19:53,03/01/2025 19:57,"NodeB Name=VERALV0452, LogicRNCID=171",NodeB Unavailable
03/01/2025 18:48,03/01/2025 18:51,"NodeB Name=PUEQUE0341, LogicRNCID=170",NodeB Unavailable
03/01/2025 17:11,03/01/2025 17:19,"NodeB Name=VERVER0673, LogicRNCID=171",NodeB Unavailable
03/01/2025 15:48,03/01/2025 15:58,"NodeB Name=iACA0005, LogicRNCID=170",NodeB Unavailable
03/01/2025 15:48,03/01/2025 15:58,"NodeB Name=GROACA1153, LogicRNCID=170",NodeB Unavailable
03/01/2025 15:48,03/01/2025 15:58,"NodeB Name=GROACA0058, LogicRNCID=170",NodeB Unavailable
03/01/2025 15:48,03/01/2025 15:58,"NodeB Name=GROSMR1201, LogicRNCID=170",NodeB Unavailable
03/01/2025 15:48,03/01/2025 15:58,"NodeB Name=GROACA0032, LogicRNCID=170",NodeB Unavailable
03/01/2025 15:48,03/01/2025 15:58,"NodeB Name=GROACA0035, LogicRNCID=170",NodeB Unavailable
03/01/2025 15:48,03/01/2025 15:58,"NodeB Name=GROACA0019, LogicRNCID=170",NodeB Unavailable
03/01/2025 13:57,03/01/2025 14:02,"NodeB Name=PUESMT0359, LogicRNCID=170",NodeB Unavailable
03/01/2025 13:48,03/01/2025 13:54,"NodeB Name=GROCHB0073, LogicRNCID=170",NodeB Unavailable
03/01/2025 13:48,03/01/2025 13:54,"NodeB Name=GROCHB0068, LogicRNCID=170",NodeB Unavailable
03/01/2025 13:27,03/01/2025 14:13,"NodeB Name=VERBOR0476, LogicRNCID=171",NodeB Unavailable
03/01/2025 12:00,03/01/2025 12:07,"NodeB Name=VERAMR0858, LogicRNCID=170",NodeB Unavailable
03/01/2025 11:58,03/01/2025 12:04,"NodeB Name=MCR50-0013A_5013_Rancho_San_Francisco, LogicRNCID=151",NodeB Unavailable
03/01/2025 11:58,03/01/2025 12:00,"NodeB Name=VERAMR0858, LogicRNCID=170",NodeB Unavailable
03/01/2025 11:15,03/01/2025 14:33,"NodeB Name=VERTIH1696, LogicRNCID=171",NodeB Unavailable
03/01/2025 11:08,03/01/2025 11:11,"NodeB Name=PUEATX0152, LogicRNCID=170",NodeB Unavailable
03/01/2025 10:27,03/01/2025 10:28,"NodeB Name=PUESAC1067, LogicRNCID=170",NodeB Unavailable
03/01/2025 10:18,03/01/2025 10:21,"NodeB Name=SUVERCSQ7028Z, LogicRNCID=171",NodeB Unavailable
03/01/2025 10:13,03/01/2025 10:15,"NodeB Name=SUVERCSQ7028Z, LogicRNCID=171",NodeB Unavailable
03/01/2025 09:51,03/01/2025 10:00,"NodeB Name=VERJLN0552, LogicRNCID=171",NodeB Unavailable
03/01/2025 09:48,03/01/2025 09:50,"NodeB Name=OAXMRH7026, LogicRNCID=170",NodeB Unavailable
03/01/2025 08:35,03/01/2025 09:15,"NodeB Name=GROACA0025, LogicRNCID=170",NodeB Unavailable
03/01/2025 08:17,03/01/2025 08:24,"NodeB Name=iACA0005, LogicRNCID=170",NodeB Unavailable
03/01/2025 08:17,03/01/2025 08:25,"NodeB Name=GROSMR1201, LogicRNCID=170",NodeB Unavailable
03/01/2025 08:17,03/01/2025 08:25,"NodeB Name=GROACA0019, LogicRNCID=170",NodeB Unavailable
03/01/2025 08:17,03/01/2025 08:25,"NodeB Name=GROACA0058, LogicRNCID=170",NodeB Unavailable
03/01/2025 08:17,03/01/2025 08:25,"NodeB Name=GROACA0035, LogicRNCID=170",NodeB Unavailable
03/01/2025 08:17,03/01/2025 08:25,"NodeB Name=GROACA0032, LogicRNCID=170",NodeB Unavailable
03/01/2025 08:17,03/01/2025 08:25,"NodeB Name=GROACA1153, LogicRNCID=170",NodeB Unavailable
03/01/2025 08:11,03/01/2025 09:28,"NodeB Name=GROACA0057, LogicRNCID=170",NodeB Unavailable
03/01/2025 06:42,03/01/2025 06:47,"NodeB Name=VERSAT1682, LogicRNCID=171",NodeB Unavailable
03/01/2025 06:42,03/01/2025 06:47,"NodeB Name=VERSAT1681, LogicRNCID=171",NodeB Unavailable
03/01/2025 06:42,03/01/2025 06:47,"NodeB Name=VERSAT1680, LogicRNCID=171",NodeB Unavailable
03/01/2025 06:42,03/01/2025 06:47,"NodeB Name=VERSAT0625, LogicRNCID=171",NodeB Unavailable
03/01/2025 05:41,03/01/2025 05:45,"NodeB Name=JALGDL0728, LogicRNCID=150",NodeB Unavailable
03/01/2025 02:42,03/01/2025 02:46,"NodeB Name=VERPER0598, LogicRNCID=171",NodeB Unavailable
03/01/2025 02:42,03/01/2025 02:45,"NodeB Name=VERORI0595, LogicRNCID=170",NodeB Unavailable
03/01/2025 02:36,03/01/2025 02:40,VERRNC171,NodeB Unavailable
02/01/2025 15:46,02/01/2025 16:28,"NodeB Name=OAXAYO0099, LogicRNCID=170",NodeB Unavailable
02/01/2025 15:46,02/01/2025 16:28,"NodeB Name=GROATO0065, LogicRNCID=170",NodeB Unavailable
02/01/2025 15:46,02/01/2025 16:28,"NodeB Name=OAXVTP0140, LogicRNCID=170",NodeB Unavailable
02/01/2025 15:46,02/01/2025 16:28,"NodeB Name=OAXPUT0131, LogicRNCID=170",NodeB Unavailable
02/01/2025 13:48,02/01/2025 13:55,"NodeB Name=NAYTPI1290, LogicRNCID=151",NodeB Unavailable
02/01/2025 13:17,02/01/2025 16:11,"NodeB Name=JALZAP3756, LogicRNCID=150",NodeB Unavailable
02/01/2025 13:03,02/01/2025 15:50,"NodeB Name=VERSJE0626, LogicRNCID=171",NodeB Unavailable
02/01/2025 11:28,02/01/2025 11:35,"NodeB Name=VERBOR0865, LogicRNCID=171",NodeB Unavailable
02/01/2025 11:06,02/01/2025 11:09,"NodeB Name=JALZAP1060, LogicRNCID=150",NodeB Unavailable
02/01/2025 10:38,02/01/2025 11:37,"NodeB Name=VERMED0560, LogicRNCID=171",NodeB Unavailable
02/01/2025 10:03,02/01/2025 10:09,"NodeB Name=VERMTT0563, LogicRNCID=171",NodeB Unavailable
02/01/2025 09:35,02/01/2025 14:19,"NodeB Name=OAXMAT0113, LogicRNCID=170",NodeB Unavailable
02/01/2025 09:05,02/01/2025 12:41,"NodeB Name=MICTGM1199, LogicRNCID=151",NodeB Unavailable
02/01/2025 08:29,02/01/2025 08:34,"NodeB Name=MICSAE1188, LogicRNCID=151",NodeB Unavailable
02/01/2025 08:25,02/01/2025 11:07,"NodeB Name=VERSAT1682, LogicRNCID=171",NodeB Unavailable
02/01/2025 07:32,02/01/2025 08:53,"NodeB Name=VERJMP0553, LogicRNCID=171",NodeB Unavailable
02/01/2025 05:47,02/01/2025 05:52,"NodeB Name=OAXLOM0111, LogicRNCID=170",NodeB Unavailable
02/01/2025 05:47,02/01/2025 05:51,"NodeB Name=VERATY0465, LogicRNCID=170",NodeB Unavailable
02/01/2025 05:41,02/01/2025 05:45,"NodeB Name=VERATY0465, LogicRNCID=170",NodeB Unavailable
02/01/2025 05:35,02/01/2025 05:55,"NodeB Name=VERSTX0630, LogicRNCID=171",NodeB Unavailable
02/01/2025 05:30,02/01/2025 05:33,"NodeB Name=VERACY0444, LogicRNCID=171",NodeB Unavailable
02/01/2025 05:23,02/01/2025 05:33,"NodeB Name=VERATY0465, LogicRNCID=170",NodeB Unavailable
02/01/2025 04:57,02/01/2025 05:04,"NodeB Name=JALGDL0728, LogicRNCID=150",NodeB Unavailable
02/01/2025 02:40,02/01/2025 02:44,"NodeB Name=VERNOG0583, LogicRNCID=170",NodeB Unavailable
02/01/2025 02:34,02/01/2025 02:38,VERRNC171,NodeB Unavailable
01/01/2025 23:35,02/01/2025 17:24,"NodeB Name=SUVERVER7029Z, LogicRNCID=171",NodeB Unavailable
01/01/2025 22:12,01/01/2025 22:15,"NodeB Name=VERNAU0579, LogicRNCID=171",NodeB Unavailable
01/01/2025 22:00,01/01/2025 22:04,"NodeB Name=VERBOR2012, LogicRNCID=171",NodeB Unavailable
01/01/2025 21:49,01/01/2025 21:51,"NodeB Name=VERBOR2012, LogicRNCID=171",NodeB Unavailable
01/01/2025 21:46,01/01/2025 21:47,"NodeB Name=VERALV0453, LogicRNCID=171",NodeB Unavailable
01/01/2025 21:46,01/01/2025 21:47,"NodeB Name=VERALV0456, LogicRNCID=171",NodeB Unavailable
01/01/2025 21:45,01/01/2025 21:47,"NodeB Name=VERALV0857, LogicRNCID=171",NodeB Unavailable
01/01/2025 21:40,01/01/2025 21:43,"NodeB Name=VERALV0456, LogicRNCID=171",NodeB Unavailable
01/01/2025 21:40,01/01/2025 21:43,"NodeB Name=VERALV0453, LogicRNCID=171",NodeB Unavailable
01/01/2025 21:40,01/01/2025 23:12,"NodeB Name=VERALV0454, LogicRNCID=171",NodeB Unavailable
01/01/2025 21:40,01/01/2025 21:54,"NodeB Name=VERALV0451, LogicRNCID=171",NodeB Unavailable
01/01/2025 21:40,01/01/2025 21:43,"NodeB Name=VERALV0857, LogicRNCID=171",NodeB Unavailable
01/01/2025 21:39,01/01/2025 21:54,"NodeB Name=VERALV0455, LogicRNCID=171",NodeB Unavailable
01/01/2025 21:39,01/01/2025 21:54,"NodeB Name=VERALV0452, LogicRNCID=171",NodeB Unavailable
01/01/2025 21:34,01/01/2025 21:37,"NodeB Name=VERALV0453, LogicRNCID=171",NodeB Unavailable
01/01/2025 21:34,01/01/2025 21:37,"NodeB Name=VERALV0456, LogicRNCID=171",NodeB Unavailable
01/01/2025 21:34,01/01/2025 21:37,"NodeB Name=VERALV0857, LogicRNCID=171",NodeB Unavailable
01/01/2025 21:27,01/01/2025 21:30,"NodeB Name=VERALV0456, LogicRNCID=171",NodeB Unavailable
01/01/2025 21:27,01/01/2025 21:30,"NodeB Name=VERALV0453, LogicRNCID=171",NodeB Unavailable
01/01/2025 21:27,01/01/2025 21:30,"NodeB Name=VERALV0857, LogicRNCID=171",NodeB Unavailable
01/01/2025 21:23,01/01/2025 21:29,"NodeB Name=VERALV0452, LogicRNCID=171",NodeB Unavailable
01/01/2025 21:21,01/01/2025 21:24,"NodeB Name=VERALV0456, LogicRNCID=171",NodeB Unavailable
01/01/2025 21:21,01/01/2025 21:24,"NodeB Name=VERALV0453, LogicRNCID=171",NodeB Unavailable
01/01/2025 21:21,01/01/2025 21:24,"NodeB Name=VERALV0857, LogicRNCID=171",NodeB Unavailable
01/01/2025 21:17,01/01/2025 21:23,"NodeB Name=VERALV0455, LogicRNCID=171",NodeB Unavailable
01/01/2025 21:07,01/01/2025 21:44,"NodeB Name=NAYTPI1288, LogicRNCID=151",NodeB Unavailable
01/01/2025 21:04,02/01/2025 07:30,"NodeB Name=VERMTT0563, LogicRNCID=171",NodeB Unavailable
01/01/2025 21:01,01/01/2025 21:36,"NodeB Name=VERCTZ0896, LogicRNCID=171",NodeB Unavailable
01/01/2025 18:12,01/01/2025 18:52,"NodeB Name=HGDL0068, LogicRNCID=150",NodeB Unavailable
01/01/2025 18:11,01/01/2025 18:54,"NodeB Name=JAL-5553_5633_Andares, LogicRNCID=150",NodeB Unavailable
01/01/2025 17:15,01/01/2025 17:17,"NodeB Name=VERCTZ0906, LogicRNCID=171",NodeB Unavailable
01/01/2025 17:12,01/01/2025 17:15,"NodeB Name=VERALV0453, LogicRNCID=171",NodeB Unavailable
01/01/2025 17:10,01/01/2025 17:15,"NodeB Name=VERCTZ0906, LogicRNCID=171",NodeB Unavailable
01/01/2025 17:09,01/01/2025 17:11,"NodeB Name=VERALV0453, LogicRNCID=171",NodeB Unavailable
01/01/2025 16:50,01/01/2025 16:55,"NodeB Name=VERMTT0563, LogicRNCID=171",NodeB Unavailable
01/01/2025 16:49,01/01/2025 16:51,"NodeB Name=PUESAC1067, LogicRNCID=170",NodeB Unavailable
01/01/2025 16:45,01/01/2025 16:46,"NodeB Name=PUESAC1067, LogicRNCID=170",NodeB Unavailable
01/01/2025 16:43,01/01/2025 16:44,"NodeB Name=PUESAC1067, LogicRNCID=170",NodeB Unavailable
01/01/2025 16:34,01/01/2025 16:39,"NodeB Name=PUESAC1067, LogicRNCID=170",NodeB Unavailable
01/01/2025 16:24,01/01/2025 16:28,"NodeB Name=PUESAC1067, LogicRNCID=170",NodeB Unavailable
01/01/2025 16:22,01/01/2025 16:24,"NodeB Name=VERCTZ0906, LogicRNCID=171",NodeB Unavailable
01/01/2025 16:18,01/01/2025 16:22,"NodeB Name=VERCTZ0906, LogicRNCID=171",NodeB Unavailable
01/01/2025 16:10,01/01/2025 16:13,"NodeB Name=PUESAC1067, LogicRNCID=170",NodeB Unavailable
01/01/2025 15:59,01/01/2025 16:01,"NodeB Name=PUESAC1067, LogicRNCID=170",NodeB Unavailable
01/01/2025 15:10,01/01/2025 15:14,"NodeB Name=TLATOH0436, LogicRNCID=170",NodeB Unavailable
01/01/2025 14:44,01/01/2025 16:39,"NodeB Name=VERMTT0563, LogicRNCID=171",NodeB Unavailable
01/01/2025 13:35,01/01/2025 13:50,"NodeB Name=TLAESP0410, LogicRNCID=170",NodeB Unavailable
01/01/2025 13:35,01/01/2025 13:50,"NodeB Name=TLAIMM0413, LogicRNCID=170",NodeB Unavailable
01/01/2025 13:35,01/01/2025 13:50,"NodeB Name=PUEJCB0196, LogicRNCID=170",NodeB Unavailable
01/01/2025 13:35,01/01/2025 13:50,"NodeB Name=PUEHZG0190, LogicRNCID=170",NodeB Unavailable
01/01/2025 13:35,01/01/2025 13:50,"NodeB Name=PUEHZG0191, LogicRNCID=170",NodeB Unavailable
01/01/2025 13:35,01/01/2025 13:50,"NodeB Name=PUESAC1067, LogicRNCID=170",NodeB Unavailable
01/01/2025 13:35,01/01/2025 13:50,"NodeB Name=PUEHZG1405, LogicRNCID=170",NodeB Unavailable
01/01/2025 13:35,01/01/2025 13:50,PUERNC170,NodeB Unavailable
01/01/2025 13:35,01/01/2025 13:50,"NodeB Name=PUEHZG0188, LogicRNCID=170",NodeB Unavailable
01/01/2025 12:52,01/01/2025 12:56,"NodeB Name=PUEAMO0145, LogicRNCID=170",NodeB Unavailable
01/01/2025 12:50,01/01/2025 21:35,"NodeB Name=VERCTZ0530, LogicRNCID=171",NodeB Unavailable
01/01/2025 12:50,01/01/2025 14:47,"NodeB Name=VERCTZ0896, LogicRNCID=171",NodeB Unavailable
01/01/2025 12:15,01/01/2025 15:57,PUERNC170,NodeB Unavailable
01/01/2025 12:03,01/01/2025 15:00,"NodeB Name=JALESL3728, LogicRNCID=150",NodeB Unavailable
01/01/2025 11:13,01/01/2025 11:28,"NodeB Name=VERPOZ0607, LogicRNCID=171",NodeB Unavailable
01/01/2025 09:33,01/01/2025 09:38,"NodeB Name=GROZIH0092, LogicRNCID=170",NodeB Unavailable
01/01/2025 09:23,01/01/2025 09:26,"NodeB Name=VERNLC0580, LogicRNCID=171",NodeB Unavailable
01/01/2025 08:29,01/01/2025 08:34,"NodeB Name=VERPOZ0925, LogicRNCID=171",NodeB Unavailable
01/01/2025 08:29,01/01/2025 08:32,"NodeB Name=VERPOZ0611, LogicRNCID=171",NodeB Unavailable
01/01/2025 08:06,01/01/2025 08:11,"NodeB Name=VERSAT1682, LogicRNCID=171",NodeB Unavailable
01/01/2025 08:06,01/01/2025 08:11,"NodeB Name=VERSAT0625, LogicRNCID=171",NodeB Unavailable
01/01/2025 08:06,01/01/2025 08:11,"NodeB Name=VERSAT1681, LogicRNCID=171",NodeB Unavailable
01/01/2025 08:06,01/01/2025 08:11,"NodeB Name=VERSAT1680, LogicRNCID=171",NodeB Unavailable
01/01/2025 07:34,01/01/2025 07:39,"NodeB Name=JALTNL0911, LogicRNCID=150",NodeB Unavailable
01/01/2025 07:33,01/01/2025 07:38,"NodeB Name=GROCYB0079, LogicRNCID=170",NodeB Unavailable
01/01/2025 07:32,01/01/2025 07:36,"NodeB Name=VERCTZ0527, LogicRNCID=171",NodeB Unavailable
01/01/2025 07:27,01/01/2025 07:32,"NodeB Name=GROCHB0068, LogicRNCID=170",NodeB Unavailable
01/01/2025 07:27,01/01/2025 07:32,"NodeB Name=GROCHB0073, LogicRNCID=170",NodeB Unavailable
01/01/2025 07:14,01/01/2025 07:16,"NodeB Name=MCR50-0013A_5013_Rancho_San_Francisco, LogicRNCID=151",NodeB Unavailable
01/01/2025 07:02,01/01/2025 15:32,"NodeB Name=JALPVA0850, LogicRNCID=151",NodeB Unavailable
01/01/2025 05:17,01/01/2025 05:20,"NodeB Name=SUVERCSQ7028Z, LogicRNCID=171",NodeB Unavailable
01/01/2025 04:39,01/01/2025 04:42,"NodeB Name=VERNOG0583, LogicRNCID=170",NodeB Unavailable
01/01/2025 02:32,01/01/2025 02:36,VERRNC171,NodeB Unavailable
01/01/2025 02:07,01/01/2025 02:10,"NodeB Name=JALGDL0728, LogicRNCID=150",NodeB Unavailable
04/01/2025 23:16,04/01/2025 23:38,"NodeB Name=MEXHHC1086, LogicRNCID=199",NodeB Unavailable
04/01/2025 22:32,04/01/2025 22:33,"NodeB Name=TABCDC1027, LogicRNCID=181",NodeB Unavailable
04/01/2025 22:27,04/01/2025 23:07,"NodeB Name=MEXHHC1086, LogicRNCID=199",NodeB Unavailable
04/01/2025 22:11,04/01/2025 22:16,"NodeB Name=TABTNQ0359, LogicRNCID=181",NodeB Unavailable
04/01/2025 21:23,04/01/2025 21:27,"NodeB Name=TABMAC1053, LogicRNCID=181",NodeB Unavailable
04/01/2025 19:33,04/01/2025 19:37,"NodeB Name=HIDTZA1484, LogicRNCID=199",NodeB Unavailable
04/01/2025 19:33,04/01/2025 19:37,"NodeB Name=HIDCAT1416, LogicRNCID=199",NodeB Unavailable
04/01/2025 19:33,04/01/2025 19:37,"NodeB Name=HIDTZA0149, LogicRNCID=199",NodeB Unavailable
04/01/2025 19:28,04/01/2025 19:31,"NodeB Name=HIDTUL0144, LogicRNCID=199",NodeB Unavailable
04/01/2025 17:59,04/01/2025 18:04,"NodeB Name=MEXIXT0365, LogicRNCID=196",NodeB Unavailable
04/01/2025 17:58,04/01/2025 19:37,"NodeB Name=TABCDS0276, LogicRNCID=181",NodeB Unavailable
04/01/2025 17:56,04/01/2025 17:58,"NodeB Name=PUEHCN1396, LogicRNCID=199",NodeB Unavailable
04/01/2025 17:53,04/01/2025 17:55,"NodeB Name=PUEHCN1396, LogicRNCID=199",NodeB Unavailable
04/01/2025 17:44,04/01/2025 17:49,"NodeB Name=MEXIXT0365, LogicRNCID=196",NodeB Unavailable
04/01/2025 16:41,04/01/2025 16:45,"NodeB Name=MORJOJ1254, LogicRNCID=196",NodeB Unavailable
04/01/2025 16:28,05/01/2025 05:45,"NodeB Name=MUCHPPIJ4045, LogicRNCID=181",NodeB Unavailable
04/01/2025 16:17,04/01/2025 16:21,"NodeB Name=TABCTR0299, LogicRNCID=181",NodeB Unavailable
04/01/2025 15:06,04/01/2025 15:11,"NodeB Name=MEXCTT1042, LogicRNCID=197",NodeB Unavailable
04/01/2025 15:06,04/01/2025 15:11,"NodeB Name=MEXCTT0195, LogicRNCID=197",NodeB Unavailable
04/01/2025 15:06,04/01/2025 15:11,"NodeB Name=MEXCTT0190, LogicRNCID=197",NodeB Unavailable
04/01/2025 15:06,04/01/2025 15:11,"NodeB Name=MEXTTT1312, LogicRNCID=197",NodeB Unavailable
04/01/2025 15:06,04/01/2025 15:11,"NodeB Name=MEXCTT0192, LogicRNCID=197",NodeB Unavailable
04/01/2025 15:06,04/01/2025 15:11,"NodeB Name=MEXCTT0188, LogicRNCID=197",NodeB Unavailable
04/01/2025 15:06,04/01/2025 15:11,"NodeB Name=MEXTTT0847, LogicRNCID=197",NodeB Unavailable
04/01/2025 14:17,04/01/2025 14:22,"NodeB Name=CHPTAP7031, LogicRNCID=181",NodeB Unavailable
04/01/2025 14:14,04/01/2025 14:33,"NodeB Name=CHPTNL0114, LogicRNCID=181",NodeB Unavailable
04/01/2025 14:12,04/01/2025 14:17,"NodeB Name=HIDACX1404, LogicRNCID=199",NodeB Unavailable
04/01/2025 13:27,04/01/2025 13:47,"NodeB Name=iVHE0002, LogicRNCID=181",NodeB Unavailable
04/01/2025 13:27,04/01/2025 13:44,"NodeB Name=TAB-8101, LogicRNCID=181",NodeB Unavailable
04/01/2025 13:03,04/01/2025 13:13,"NodeB Name=MUCHPCDO4006, LogicRNCID=181",NodeB Unavailable
04/01/2025 12:11,04/01/2025 16:23,"NodeB Name=MUCHPPIJ4045, LogicRNCID=181",NodeB Unavailable
04/01/2025 10:20,04/01/2025 10:24,"NodeB Name=MEXIXT0365, LogicRNCID=196",NodeB Unavailable
04/01/2025 10:12,04/01/2025 13:32,"NodeB Name=TABCDS0276, LogicRNCID=181",NodeB Unavailable
04/01/2025 10:01,04/01/2025 10:06,"NodeB Name=MEXIXT0365, LogicRNCID=196",NodeB Unavailable
04/01/2025 09:52,04/01/2025 09:59,"NodeB Name=CHPPIJ0082, LogicRNCID=181",NodeB Unavailable
04/01/2025 09:41,04/01/2025 09:48,"NodeB Name=CHPPIJ0082, LogicRNCID=181",NodeB Unavailable
04/01/2025 09:41,04/01/2025 09:43,"NodeB Name=SUMEXMET7230Z, LogicRNCID=196",NodeB Unavailable
04/01/2025 09:39,04/01/2025 09:48,"NodeB Name=CHPHXT0076, LogicRNCID=181",NodeB Unavailable
04/01/2025 08:36,04/01/2025 08:49,"NodeB Name=DIFIZT0579, LogicRNCID=193",NodeB Unavailable
04/01/2025 08:26,04/01/2025 08:28,"NodeB Name=TABTNQ0359, LogicRNCID=181",NodeB Unavailable
04/01/2025 08:12,04/01/2025 08:14,"NodeB Name=CHPSMJ0097, LogicRNCID=181",NodeB Unavailable
04/01/2025 08:12,04/01/2025 08:14,"NodeB Name=CHPMRQ0078, LogicRNCID=181",NodeB Unavailable
04/01/2025 08:12,04/01/2025 08:25,"NodeB Name=MEXCOY1003, LogicRNCID=199",NodeB Unavailable
04/01/2025 07:55,04/01/2025 08:00,"NodeB Name=MEXIXT0365, LogicRNCID=196",NodeB Unavailable
04/01/2025 07:48,04/01/2025 07:50,"NodeB Name=MCR92-0004B_0097_Valle_de_Bravo_Centro_II, LogicRNCID=196",NodeB Unavailable
04/01/2025 07:48,04/01/2025 07:50,"NodeB Name=MCR92-0004A_0096_Valle_de_Bravo_Centro_I, LogicRNCID=196",NodeB Unavailable
04/01/2025 07:48,04/01/2025 07:53,"NodeB Name=MEXIXT0365, LogicRNCID=196",NodeB Unavailable
04/01/2025 07:46,04/01/2025 07:56,"NodeB Name=MEXTCM0604, LogicRNCID=197",NodeB Unavailable
04/01/2025 07:46,04/01/2025 07:56,"NodeB Name=MEXTCM1229, LogicRNCID=197",NodeB Unavailable
04/01/2025 07:36,04/01/2025 07:40,"NodeB Name=MEXIXT0365, LogicRNCID=196",NodeB Unavailable
04/01/2025 07:29,04/01/2025 07:33,"NodeB Name=MEXIXT0365, LogicRNCID=196",NodeB Unavailable
04/01/2025 07:09,04/01/2025 07:14,"NodeB Name=MEXIXT0365, LogicRNCID=196",NodeB Unavailable
04/01/2025 04:50,04/01/2025 06:13,"NodeB Name=MEXTOL0822, LogicRNCID=196",NodeB Unavailable
04/01/2025 03:45,04/01/2025 03:47,"NodeB Name=HIDTGB0349, LogicRNCID=199",NodeB Unavailable
04/01/2025 03:45,04/01/2025 03:47,"NodeB Name=HIDTGR0114, LogicRNCID=199",NodeB Unavailable
04/01/2025 03:41,04/01/2025 03:43,"NodeB Name=HIDTGB0349, LogicRNCID=199",NodeB Unavailable
04/01/2025 03:41,04/01/2025 03:43,"NodeB Name=HIDTGR0114, LogicRNCID=199",NodeB Unavailable
04/01/2025 03:06,04/01/2025 03:08,"NodeB Name=HIDPAC0055, LogicRNCID=199",NodeB Unavailable
04/01/2025 03:01,04/01/2025 03:06,"NodeB Name=HIDPAC0055, LogicRNCID=199",NodeB Unavailable
04/01/2025 02:54,04/01/2025 02:59,"NodeB Name=HIDPAC0055, LogicRNCID=199",NodeB Unavailable
04/01/2025 02:41,04/01/2025 02:46,"NodeB Name=MEXIXT0365, LogicRNCID=196",NodeB Unavailable
04/01/2025 01:30,04/01/2025 01:35,"NodeB Name=CHPTAP7031, LogicRNCID=181",NodeB Unavailable
04/01/2025 01:30,04/01/2025 01:46,"NodeB Name=CHPHHT0074, LogicRNCID=181",NodeB Unavailable
04/01/2025 01:30,04/01/2025 01:33,"NodeB Name=CHPSCT0095, LogicRNCID=181",NodeB Unavailable
04/01/2025 01:30,04/01/2025 01:41,"NodeB Name=CHPTAP0108, LogicRNCID=181",NodeB Unavailable
04/01/2025 01:30,04/01/2025 01:48,"NodeB Name=CHPPIJ0082, LogicRNCID=181",NodeB Unavailable
04/01/2025 01:30,04/01/2025 01:42,"NodeB Name=CHPHXT0077, LogicRNCID=181",NodeB Unavailable
04/01/2025 01:05,04/01/2025 01:10,"NodeB Name=MEXIXT0365, LogicRNCID=196",NodeB Unavailable
04/01/2025 00:54,04/01/2025 00:58,"NodeB Name=MEXIXT0365, LogicRNCID=196",NodeB Unavailable
04/01/2025 00:49,04/01/2025 01:07,"NodeB Name=TAB-8101, LogicRNCID=181",NodeB Unavailable
04/01/2025 00:49,04/01/2025 01:10,"NodeB Name=iVHE0002, LogicRNCID=181",NodeB Unavailable
04/01/2025 00:38,04/01/2025 02:20,"NodeB Name=CHPHXT0076, LogicRNCID=181",NodeB Unavailable
04/01/2025 00:31,04/01/2025 00:47,"NodeB Name=TAB-8101, LogicRNCID=181",NodeB Unavailable
04/01/2025 00:31,04/01/2025 00:47,"NodeB Name=iVHE0002, LogicRNCID=181",NodeB Unavailable
03/01/2025 23:57,04/01/2025 01:36,"NodeB Name=MEXHHC1086, LogicRNCID=199",NodeB Unavailable
03/01/2025 23:36,03/01/2025 23:42,"NodeB Name=CHPTAP7031, LogicRNCID=181",NodeB Unavailable
03/01/2025 23:16,03/01/2025 23:20,"NodeB Name=CHPTAP7031, LogicRNCID=181",NodeB Unavailable
03/01/2025 23:14,03/01/2025 23:18,"NodeB Name=MEXTCM0604, LogicRNCID=197",NodeB Unavailable
03/01/2025 23:14,03/01/2025 23:19,"NodeB Name=MEXTCM1229, LogicRNCID=197",NodeB Unavailable
03/01/2025 23:04,03/01/2025 23:09,"NodeB Name=MEXTCM0604, LogicRNCID=197",NodeB Unavailable
03/01/2025 23:04,03/01/2025 23:09,"NodeB Name=MEXTCM1229, LogicRNCID=197",NodeB Unavailable
03/01/2025 22:46,03/01/2025 23:34,"NodeB Name=MEXHHC1086, LogicRNCID=199",NodeB Unavailable
03/01/2025 22:45,03/01/2025 23:07,"NodeB Name=iVHE0002, LogicRNCID=181",NodeB Unavailable
03/01/2025 22:45,03/01/2025 23:04,"NodeB Name=TAB-8101, LogicRNCID=181",NodeB Unavailable
03/01/2025 22:18,03/01/2025 22:34,"NodeB Name=iVHE0002, LogicRNCID=181",NodeB Unavailable
03/01/2025 22:18,03/01/2025 22:34,"NodeB Name=TAB-8101, LogicRNCID=181",NodeB Unavailable
03/01/2025 21:22,04/01/2025 08:12,"NodeB Name=MEXCOY1003, LogicRNCID=199",NodeB Unavailable
03/01/2025 21:07,03/01/2025 21:49,"NodeB Name=TAB-8101, LogicRNCID=181",NodeB Unavailable
03/01/2025 21:06,03/01/2025 21:49,"NodeB Name=iVHE0002, LogicRNCID=181",NodeB Unavailable
03/01/2025 20:06,03/01/2025 20:09,"NodeB Name=QTOSJR1445, LogicRNCID=196",NodeB Unavailable
03/01/2025 19:44,03/01/2025 21:48,"NodeB Name=CHPTAP0883, LogicRNCID=181",NodeB Unavailable
03/01/2025 19:40,03/01/2025 20:04,"NodeB Name=CHPTXC0895, LogicRNCID=181",NodeB Unavailable
03/01/2025 18:39,03/01/2025 19:46,"NodeB Name=CHPTAP0885, LogicRNCID=181",NodeB Unavailable
03/01/2025 18:13,03/01/2025 18:53,"NodeB Name=CHPTAP0106, LogicRNCID=181",NodeB Unavailable
03/01/2025 18:13,03/01/2025 18:53,"NodeB Name=CHPTXC0895, LogicRNCID=181",NodeB Unavailable
03/01/2025 18:07,03/01/2025 20:33,"NodeB Name=CHPTAP0104, LogicRNCID=181",NodeB Unavailable
03/01/2025 17:54,03/01/2025 17:57,"NodeB Name=QTOSJR1445, LogicRNCID=196",NodeB Unavailable
03/01/2025 17:52,03/01/2025 17:58,"NodeB Name=CHPTAP0883, LogicRNCID=181",NodeB Unavailable
03/01/2025 17:37,03/01/2025 20:05,"NodeB Name=CHPTAP0108, LogicRNCID=181",NodeB Unavailable
03/01/2025 17:30,03/01/2025 17:33,"NodeB Name=QTOSJR1445, LogicRNCID=196",NodeB Unavailable
03/01/2025 17:17,03/01/2025 17:29,"NodeB Name=TABCDC1027, LogicRNCID=181",NodeB Unavailable
03/01/2025 17:12,03/01/2025 17:16,"NodeB Name=TABCDC1027, LogicRNCID=181",NodeB Unavailable
03/01/2025 17:06,04/01/2025 13:02,"NodeB Name=MUCHPCDO4006, LogicRNCID=181",NodeB Unavailable
03/01/2025 17:05,03/01/2025 17:10,"NodeB Name=TABCDC1027, LogicRNCID=181",NodeB Unavailable
03/01/2025 16:43,03/01/2025 16:56,"NodeB Name=TABCDC1027, LogicRNCID=181",NodeB Unavailable
03/01/2025 16:30,03/01/2025 21:22,"NodeB Name=MEXCOY1003, LogicRNCID=199",NodeB Unavailable
03/01/2025 14:57,03/01/2025 14:59,"NodeB Name=HIDPAC0055, LogicRNCID=199",NodeB Unavailable
03/01/2025 14:54,03/01/2025 22:41,"NodeB Name=CHPTNL0114, LogicRNCID=181",NodeB Unavailable
03/01/2025 14:53,03/01/2025 14:57,"NodeB Name=HIDPAC0055, LogicRNCID=199",NodeB Unavailable
03/01/2025 14:28,03/01/2025 22:10,"NodeB Name=CHPTXC0897, LogicRNCID=181",NodeB Unavailable
03/01/2025 13:38,03/01/2025 13:42,"NodeB Name=MEXIXT0365, LogicRNCID=196",NodeB Unavailable
03/01/2025 13:32,03/01/2025 13:37,"NodeB Name=MEXIXT0365, LogicRNCID=196",NodeB Unavailable
03/01/2025 13:14,03/01/2025 15:28,"NodeB Name=DIFXCH1711, LogicRNCID=193",NodeB Unavailable
03/01/2025 12:52,03/01/2025 13:27,"NodeB Name=CHPTAP0883, LogicRNCID=181",NodeB Unavailable
03/01/2025 12:14,03/01/2025 12:17,"NodeB Name=MEXATN0035, LogicRNCID=196",NodeB Unavailable
03/01/2025 12:12,03/01/2025 12:20,"NodeB Name=MEXHHC1086, LogicRNCID=199",NodeB Unavailable
03/01/2025 11:57,03/01/2025 12:10,"NodeB Name=MEXHHC1086, LogicRNCID=199",NodeB Unavailable
03/01/2025 11:49,03/01/2025 11:53,"NodeB Name=MEXALJ1479, LogicRNCID=196",NodeB Unavailable
03/01/2025 11:49,03/01/2025 11:53,"NodeB Name=MEXALJ1485, LogicRNCID=196",NodeB Unavailable
03/01/2025 11:40,03/01/2025 11:44,"NodeB Name=MEXALJ1485, LogicRNCID=196",NodeB Unavailable
03/01/2025 11:40,03/01/2025 11:44,"NodeB Name=MEXALJ1479, LogicRNCID=196",NodeB Unavailable
03/01/2025 11:19,03/01/2025 17:33,"NodeB Name=CHPPIJ0083, LogicRNCID=181",NodeB Unavailable
03/01/2025 11:07,03/01/2025 11:10,"NodeB Name=MEXALJ1485, LogicRNCID=196",NodeB Unavailable
03/01/2025 11:07,03/01/2025 11:11,"NodeB Name=MEXALJ1479, LogicRNCID=196",NodeB Unavailable
03/01/2025 10:54,03/01/2025 11:00,"NodeB Name=MEXALJ1485, LogicRNCID=196",NodeB Unavailable
03/01/2025 10:54,03/01/2025 11:00,"NodeB Name=MEXALJ1479, LogicRNCID=196",NodeB Unavailable
03/01/2025 10:26,03/01/2025 20:09,"NodeB Name=CHPHHT0073, LogicRNCID=181",NodeB Unavailable
03/01/2025 10:14,03/01/2025 10:23,"NodeB Name=MORTYN0288, LogicRNCID=196",NodeB Unavailable
03/01/2025 10:05,03/01/2025 22:25,"NodeB Name=CHPHHT0074, LogicRNCID=181",NodeB Unavailable
03/01/2025 09:54,03/01/2025 10:00,"NodeB Name=CHPTAP0108, LogicRNCID=181",NodeB Unavailable
03/01/2025 09:39,04/01/2025 12:01,"NodeB Name=MUCHPPIJ4045, LogicRNCID=181",NodeB Unavailable
03/01/2025 09:18,03/01/2025 09:22,"NodeB Name=MEXIXT0365, LogicRNCID=196",NodeB Unavailable
03/01/2025 09:15,03/01/2025 17:06,"NodeB Name=CHPHXT0076, LogicRNCID=181",NodeB Unavailable
03/01/2025 09:12,03/01/2025 09:17,"NodeB Name=MEXIXT0365, LogicRNCID=196",NodeB Unavailable
03/01/2025 08:31,03/01/2025 08:36,"NodeB Name=HIDTZY0365, LogicRNCID=199",NodeB Unavailable
03/01/2025 07:48,03/01/2025 07:54,"NodeB Name=CHPTXG0559, LogicRNCID=181",NodeB Unavailable
03/01/2025 07:48,03/01/2025 07:54,"NodeB Name=CHPTXG0137, LogicRNCID=181",NodeB Unavailable
03/01/2025 06:20,03/01/2025 12:14,"NodeB Name=MEXATN0035, LogicRNCID=196",NodeB Unavailable
03/01/2025 06:11,03/01/2025 06:36,"NodeB Name=CHPTAP7031, LogicRNCID=181",NodeB Unavailable
03/01/2025 04:56,03/01/2025 06:18,"NodeB Name=MEXTOL0822, LogicRNCID=196",NodeB Unavailable
03/01/2025 04:27,03/01/2025 04:30,"NodeB Name=TABTNQ0359, LogicRNCID=181",NodeB Unavailable
03/01/2025 02:12,03/01/2025 03:10,"NodeB Name=CHPTAP0109, LogicRNCID=181",NodeB Unavailable
03/01/2025 02:06,03/01/2025 02:10,"NodeB Name=CHPTAP7031, LogicRNCID=181",NodeB Unavailable
03/01/2025 01:10,03/01/2025 01:16,"NodeB Name=CHPTAP7031, LogicRNCID=181",NodeB Unavailable
02/01/2025 23:52,03/01/2025 00:32,"NodeB Name=MEXHHC1086, LogicRNCID=199",NodeB Unavailable
02/01/2025 22:57,02/01/2025 23:01,"NodeB Name=CHPTAP7031, LogicRNCID=181",NodeB Unavailable
02/01/2025 21:34,02/01/2025 23:28,"NodeB Name=CHPTAP0103, LogicRNCID=181",NodeB Unavailable
02/01/2025 20:31,02/01/2025 20:40,"NodeB Name=MEXHHC1086, LogicRNCID=199",NodeB Unavailable
02/01/2025 20:21,02/01/2025 20:42,"NodeB Name=CHPTAP0883, LogicRNCID=181",NodeB Unavailable
02/01/2025 20:20,02/01/2025 20:24,"NodeB Name=CHPTAP7031, LogicRNCID=181",NodeB Unavailable
02/01/2025 20:19,02/01/2025 22:34,"NodeB Name=CHPHHT0074, LogicRNCID=181",NodeB Unavailable
02/01/2025 20:19,03/01/2025 00:41,"NodeB Name=CHPPIJ0082, LogicRNCID=181",NodeB Unavailable
02/01/2025 20:19,02/01/2025 23:52,"NodeB Name=CHPSCT0095, LogicRNCID=181",NodeB Unavailable
02/01/2025 20:19,03/01/2025 00:09,"NodeB Name=CHPHXT0076, LogicRNCID=181",NodeB Unavailable
02/01/2025 20:19,02/01/2025 21:50,"NodeB Name=CHPHXT0077, LogicRNCID=181",NodeB Unavailable
02/01/2025 20:19,02/01/2025 20:59,"NodeB Name=CHPTAP0105, LogicRNCID=181",NodeB Unavailable
02/01/2025 20:19,02/01/2025 21:12,"NodeB Name=CHPTAP0108, LogicRNCID=181",NodeB Unavailable
02/01/2025 19:46,02/01/2025 20:08,"NodeB Name=MEXTOL1787, LogicRNCID=196",NodeB Unavailable
02/01/2025 17:38,02/01/2025 17:42,"NodeB Name=TABHMG0342, LogicRNCID=181",NodeB Unavailable
02/01/2025 17:37,02/01/2025 17:51,DIFRNC196,NodeB Unavailable
02/01/2025 17:36,02/01/2025 17:52,"NodeB Name=MEXMET0401, LogicRNCID=196",NodeB Unavailable
02/01/2025 17:36,02/01/2025 17:51,"NodeB Name=MEXMET1572, LogicRNCID=196",NodeB Unavailable
02/01/2025 16:40,02/01/2025 16:42,"NodeB Name=MEXTOL1790, LogicRNCID=196",NodeB Unavailable
02/01/2025 16:40,02/01/2025 16:43,"NodeB Name=MEXTOL1786, LogicRNCID=196",NodeB Unavailable
02/01/2025 16:34,02/01/2025 16:38,"NodeB Name=HIDTRO0133, LogicRNCID=199",NodeB Unavailable
02/01/2025 16:06,02/01/2025 16:10,"NodeB Name=TABCDS0279, LogicRNCID=181",NodeB Unavailable
02/01/2025 16:02,02/01/2025 16:58,"NodeB Name=iVHE0001, LogicRNCID=181",NodeB Unavailable
02/01/2025 16:02,02/01/2025 16:58,"NodeB Name=TAB-8100, LogicRNCID=181",NodeB Unavailable
02/01/2025 15:46,02/01/2025 16:31,"NodeB Name=CHPSMJ0097, LogicRNCID=181",NodeB Unavailable
02/01/2025 15:46,02/01/2025 16:31,"NodeB Name=CHPMRQ0078, LogicRNCID=181",NodeB Unavailable
02/01/2025 14:05,02/01/2025 14:13,"NodeB Name=MORPUI0272, LogicRNCID=196",NodeB Unavailable
02/01/2025 12:25,03/01/2025 12:22,"NodeB Name=MEXALR0019, LogicRNCID=196",NodeB Unavailable
02/01/2025 12:25,03/01/2025 12:39,"NodeB Name=MEXTIA0670, LogicRNCID=196",NodeB Unavailable
02/01/2025 11:40,02/01/2025 11:53,"NodeB Name=MEXHHC1086, LogicRNCID=199",NodeB Unavailable
02/01/2025 11:34,02/01/2025 11:38,"NodeB Name=MEXALJ1479, LogicRNCID=196",NodeB Unavailable
02/01/2025 11:34,02/01/2025 11:38,"NodeB Name=MEXALJ1485, LogicRNCID=196",NodeB Unavailable
02/01/2025 11:23,02/01/2025 11:27,"NodeB Name=MEXALJ1485, LogicRNCID=196",NodeB Unavailable
02/01/2025 11:23,02/01/2025 11:27,"NodeB Name=MEXALJ1479, LogicRNCID=196",NodeB Unavailable
02/01/2025 11:21,02/01/2025 11:23,"NodeB Name=HIDTRO0133, LogicRNCID=199",NodeB Unavailable
02/01/2025 11:17,02/01/2025 12:12,"NodeB Name=iVHE0001, LogicRNCID=181",NodeB Unavailable
02/01/2025 11:17,02/01/2025 12:12,"NodeB Name=TAB-8100, LogicRNCID=181",NodeB Unavailable
02/01/2025 11:16,02/01/2025 11:21,"NodeB Name=HIDTRO0133, LogicRNCID=199",NodeB Unavailable
02/01/2025 11:03,02/01/2025 11:07,"NodeB Name=MEXHHC1086, LogicRNCID=199",NodeB Unavailable
02/01/2025 10:53,02/01/2025 10:57,"NodeB Name=MEXALJ1479, LogicRNCID=196",NodeB Unavailable
02/01/2025 10:53,02/01/2025 10:57,"NodeB Name=MEXALJ1485, LogicRNCID=196",NodeB Unavailable
02/01/2025 10:48,02/01/2025 10:55,"NodeB Name=MEXHHC1086, LogicRNCID=199",NodeB Unavailable
02/01/2025 10:46,02/01/2025 10:50,"NodeB Name=MEXALJ1479, LogicRNCID=196",NodeB Unavailable
02/01/2025 10:46,02/01/2025 10:50,"NodeB Name=MEXALJ1485, LogicRNCID=196",NodeB Unavailable
02/01/2025 10:26,02/01/2025 10:31,"NodeB Name=MEXTCM1229, LogicRNCID=197",NodeB Unavailable
02/01/2025 09:36,02/01/2025 09:58,"NodeB Name=MEXHHC1086, LogicRNCID=199",NodeB Unavailable
02/01/2025 08:35,02/01/2025 08:38,"NodeB Name=MEXATZ0048, LogicRNCID=197",NodeB Unavailable
02/01/2025 08:08,02/01/2025 09:27,"NodeB Name=MEXHHC1086, LogicRNCID=199",NodeB Unavailable
02/01/2025 08:00,02/01/2025 08:02,"NodeB Name=MEXJIL1554, LogicRNCID=199",NodeB Unavailable
02/01/2025 07:53,02/01/2025 07:58,"NodeB Name=CHPTAP0108, LogicRNCID=181",NodeB Unavailable
02/01/2025 07:25,02/01/2025 07:30,DIFRNC193,NodeB Unavailable
02/01/2025 07:13,02/01/2025 07:20,"NodeB Name=MUMORCUA4002, LogicRNCID=196",NodeB Unavailable
02/01/2025 07:04,02/01/2025 07:06,"NodeB Name=MUCHPPIJ4045, LogicRNCID=181",NodeB Unavailable
02/01/2025 06:28,02/01/2025 06:30,"NodeB Name=MEXVCA1669, LogicRNCID=196",NodeB Unavailable
02/01/2025 06:28,02/01/2025 06:30,"NodeB Name=MEXVCA1649, LogicRNCID=197",NodeB Unavailable
02/01/2025 06:28,02/01/2025 06:30,"NodeB Name=MEXVCA0903, LogicRNCID=197",NodeB Unavailable
02/01/2025 06:27,02/01/2025 06:28,"NodeB Name=MEXVCA1649, LogicRNCID=197",NodeB Unavailable
02/01/2025 06:25,02/01/2025 06:26,"NodeB Name=MEXVCA1649, LogicRNCID=197",NodeB Unavailable
02/01/2025 06:24,02/01/2025 06:26,"NodeB Name=MEXVCA1669, LogicRNCID=196",NodeB Unavailable
02/01/2025 06:24,02/01/2025 06:25,"NodeB Name=MEXVCA0903, LogicRNCID=197",NodeB Unavailable
02/01/2025 06:24,02/01/2025 06:25,"NodeB Name=MEXVCA1649, LogicRNCID=197",NodeB Unavailable
02/01/2025 06:22,02/01/2025 06:24,"NodeB Name=MEXVCA1649, LogicRNCID=197",NodeB Unavailable
02/01/2025 06:19,02/01/2025 06:21,"NodeB Name=MEXVCA1669, LogicRNCID=196",NodeB Unavailable
02/01/2025 06:19,02/01/2025 06:21,"NodeB Name=MEXVCA1649, LogicRNCID=197",NodeB Unavailable
02/01/2025 06:19,02/01/2025 06:21,"NodeB Name=MEXVCA0903, LogicRNCID=197",NodeB Unavailable
02/01/2025 05:41,02/01/2025 12:08,"NodeB Name=MEXTOL1790, LogicRNCID=196",NodeB Unavailable
02/01/2025 05:41,02/01/2025 12:38,"NodeB Name=MEXTOL1623, LogicRNCID=196",NodeB Unavailable
02/01/2025 05:41,02/01/2025 12:44,"NodeB Name=MEXTOL1787, LogicRNCID=196",NodeB Unavailable
02/01/2025 05:41,02/01/2025 12:43,"NodeB Name=MEXTOL1783, LogicRNCID=196",NodeB Unavailable
02/01/2025 05:41,02/01/2025 12:40,"NodeB Name=MEXTOL1785, LogicRNCID=196",NodeB Unavailable
02/01/2025 05:41,02/01/2025 12:46,DIFRNC196,NodeB Unavailable
02/01/2025 05:41,02/01/2025 12:11,"NodeB Name=MEXTOL1786, LogicRNCID=196",NodeB Unavailable
02/01/2025 05:32,02/01/2025 09:19,"NodeB Name=DIFTLP0871, LogicRNCID=193",NodeB Unavailable
02/01/2025 04:57,02/01/2025 06:14,"NodeB Name=MEXTOL0822, LogicRNCID=196",NodeB Unavailable
02/01/2025 03:31,02/01/2025 03:34,"NodeB Name=MEXATZ0048, LogicRNCID=197",NodeB Unavailable
02/01/2025 02:23,02/01/2025 08:00,"NodeB Name=MEXJIL1554, LogicRNCID=199",NodeB Unavailable
02/01/2025 01:56,02/01/2025 02:42,"NodeB Name=MORJOJ0265, LogicRNCID=196",NodeB Unavailable
02/01/2025 01:40,02/01/2025 09:18,"NodeB Name=SUDIFXCH7227Z, LogicRNCID=193",NodeB Unavailable
02/01/2025 01:40,02/01/2025 05:29,"NodeB Name=DIFTLP0871, LogicRNCID=193",NodeB Unavailable
02/01/2025 01:13,02/01/2025 01:16,"NodeB Name=MEXHHC1086, LogicRNCID=199",NodeB Unavailable
01/01/2025 23:45,02/01/2025 01:11,"NodeB Name=MEXHHC1086, LogicRNCID=199",NodeB Unavailable
01/01/2025 23:01,01/01/2025 23:13,"NodeB Name=MEXHHC1086, LogicRNCID=199",NodeB Unavailable
01/01/2025 21:12,01/01/2025 21:17,"NodeB Name=CHPHXT0076, LogicRNCID=181",NodeB Unavailable
01/01/2025 21:10,02/01/2025 16:33,"NodeB Name=MEXOYC1769, LogicRNCID=196",NodeB Unavailable
01/01/2025 21:01,02/01/2025 01:51,"NodeB Name=MEXOYC1671, LogicRNCID=196",NodeB Unavailable
01/01/2025 19:11,02/01/2025 11:16,"NodeB Name=MEXOYC1211, LogicRNCID=196",NodeB Unavailable
01/01/2025 18:22,01/01/2025 18:27,"NodeB Name=MORJAN0250, LogicRNCID=196",NodeB Unavailable
01/01/2025 17:31,01/01/2025 17:51,"NodeB Name=DIFTLP0852, LogicRNCID=193",NodeB Unavailable
01/01/2025 17:20,01/01/2025 18:54,"NodeB Name=HIDMNR0021, LogicRNCID=199",NodeB Unavailable
01/01/2025 16:59,01/01/2025 17:02,"NodeB Name=DIFTLP0839, LogicRNCID=193",NodeB Unavailable
01/01/2025 16:45,01/01/2025 16:50,"NodeB Name=CHPHXT0076, LogicRNCID=181",NodeB Unavailable
01/01/2025 15:35,01/01/2025 15:37,"NodeB Name=MCR81-0001_2501_Elektra_Madero, LogicRNCID=181",NodeB Unavailable
01/01/2025 14:38,01/01/2025 14:43,"NodeB Name=SUTABCTR7032Z, LogicRNCID=181",NodeB Unavailable
01/01/2025 13:59,01/01/2025 14:34,"NodeB Name=MUMEXTMC4104, LogicRNCID=199",NodeB Unavailable
01/01/2025 12:53,01/01/2025 12:58,"NodeB Name=SUTABCTR7032Z, LogicRNCID=181",NodeB Unavailable
01/01/2025 11:42,01/01/2025 11:46,"NodeB Name=CHPHXT0076, LogicRNCID=181",NodeB Unavailable
01/01/2025 11:26,01/01/2025 11:29,"NodeB Name=SUMEXMET7230Z, LogicRNCID=196",NodeB Unavailable
01/01/2025 09:29,01/01/2025 19:53,"NodeB Name=MEXCOC1745, LogicRNCID=193",NodeB Unavailable
01/01/2025 09:25,01/01/2025 09:29,"NodeB Name=MORTPG0278, LogicRNCID=196",NodeB Unavailable
01/01/2025 09:25,01/01/2025 09:29,"NodeB Name=MORJON0269, LogicRNCID=196",NodeB Unavailable
01/01/2025 09:00,01/01/2025 09:02,"NodeB Name=MEXTUP1328, LogicRNCID=197",NodeB Unavailable
01/01/2025 08:57,01/01/2025 09:02,"NodeB Name=TABCTR0646, LogicRNCID=181",NodeB Unavailable
01/01/2025 08:57,01/01/2025 09:01,"NodeB Name=TABCTR0320, LogicRNCID=181",NodeB Unavailable
01/01/2025 08:50,01/01/2025 08:55,"NodeB Name=TABCDS0644, LogicRNCID=181",NodeB Unavailable
01/01/2025 07:47,01/01/2025 07:50,"NodeB Name=MCR95-0009A_0161_Torre_II_Banco_Azteca, LogicRNCID=193",NodeB Unavailable
01/01/2025 07:45,01/01/2025 07:48,"NodeB Name=MEXPAN1588, LogicRNCID=196",NodeB Unavailable
01/01/2025 07:42,01/01/2025 07:45,"NodeB Name=MEXCOY1003, LogicRNCID=199",NodeB Unavailable
01/01/2025 07:42,01/01/2025 07:46,"NodeB Name=TABCTR0994, LogicRNCID=181",NodeB Unavailable
01/01/2025 04:37,01/01/2025 06:15,"NodeB Name=MEXTOL0822, LogicRNCID=196",NodeB Unavailable
01/01/2025 03:02,01/01/2025 03:08,"NodeB Name=MEXHHC1086, LogicRNCID=199",NodeB Unavailable
01/01/2025 02:38,01/01/2025 02:43,"NodeB Name=HIDACX1404, LogicRNCID=199",NodeB Unavailable
01/01/2025 00:16,01/01/2025 00:21,"NodeB Name=TABCDS0276, LogicRNCID=181",NodeB Unavailable
01/01/2025 01:02,01/01/2025 01:07,"NodeB Name=YUCMER0739, LogicRNCID=180",NodeB Unavailable
01/01/2025 01:19,01/01/2025 01:23,"NodeB Name=YUCMER0739, LogicRNCID=180",NodeB Unavailable
01/01/2025 02:36,01/01/2025 02:40,"NodeB Name=ROOFCP0220, LogicRNCID=180",NodeB Unavailable
01/01/2025 04:57,01/01/2025 05:01,"NodeB Name=YUCMER0736, LogicRNCID=180",NodeB Unavailable
01/01/2025 08:24,01/01/2025 15:59,"NodeB Name=CAMCAM0522, LogicRNCID=180",NodeB Unavailable
01/01/2025 08:34,01/01/2025 08:37,"NodeB Name=YUCMER0700, LogicRNCID=180",NodeB Unavailable
01/01/2025 11:09,01/01/2025 13:47,"NodeB Name=YUCMER0739, LogicRNCID=180",NodeB Unavailable
01/01/2025 13:27,01/01/2025 13:29,"NodeB Name=ROOOTH0228, LogicRNCID=180",NodeB Unavailable
01/01/2025 13:47,01/01/2025 13:52,"NodeB Name=ROOOTH0798, LogicRNCID=180",NodeB Unavailable
01/01/2025 13:53,01/01/2025 13:56,"NodeB Name=ROOOTH0798, LogicRNCID=180",NodeB Unavailable
01/01/2025 13:55,01/01/2025 13:57,"NodeB Name=ROOOTH0228, LogicRNCID=180",NodeB Unavailable
01/01/2025 13:59,01/01/2025 18:45,"NodeB Name=ROOCZM0608, LogicRNCID=180",NodeB Unavailable
01/01/2025 13:59,01/01/2025 18:45,"NodeB Name=ROOCZM0211, LogicRNCID=180",NodeB Unavailable
01/01/2025 23:37,01/01/2025 23:44,"NodeB Name=YUCMER0729, LogicRNCID=180",NodeB Unavailable
02/01/2025 01:27,02/01/2025 01:28,"NodeB Name=ROOFCP0219, LogicRNCID=180",NodeB Unavailable
02/01/2025 03:14,02/01/2025 03:16,"NodeB Name=ROOFCP0219, LogicRNCID=180",NodeB Unavailable
02/01/2025 03:37,02/01/2025 03:39,"NodeB Name=ROOFCP0219, LogicRNCID=180",NodeB Unavailable
02/01/2025 13:04,02/01/2025 14:11,"NodeB Name=ROOSOL0623, LogicRNCID=180",NodeB Unavailable
02/01/2025 13:18,02/01/2025 14:09,"NodeB Name=YUCMER0726, LogicRNCID=180",NodeB Unavailable
02/01/2025 22:10,02/01/2025 23:54,"NodeB Name=YUCMER1338, LogicRNCID=180",NodeB Unavailable
03/01/2025 08:58,03/01/2025 10:37,"NodeB Name=ROOSOL1219, LogicRNCID=180",NodeB Unavailable
03/01/2025 09:15,03/01/2025 09:19,"NodeB Name=ROOBEJ0945, LogicRNCID=180",NodeB Unavailable
03/01/2025 10:10,03/01/2025 11:39,"NodeB Name=ROOBEJ0945, LogicRNCID=180",NodeB Unavailable
03/01/2025 11:13,03/01/2025 11:15,"NodeB Name=ROOFCP0220, LogicRNCID=180",NodeB Unavailable
03/01/2025 11:48,03/01/2025 14:27,"NodeB Name=ROOBEJ0202, LogicRNCID=180",NodeB Unavailable
03/01/2025 12:25,03/01/2025 12:28,"NodeB Name=ROOOTH0798, LogicRNCID=180",NodeB Unavailable
03/01/2025 12:26,03/01/2025 12:30,"NodeB Name=ROOOTH0228, LogicRNCID=180",NodeB Unavailable
03/01/2025 15:30,03/01/2025 15:36,"NodeB Name=ROOBEJ0160, LogicRNCID=180",NodeB Unavailable
03/01/2025 15:30,03/01/2025 15:45,"NodeB Name=ROOBEJ0166, LogicRNCID=180",NodeB Unavailable
03/01/2025 15:30,03/01/2025 15:37,"NodeB Name=ROOBEJ1127, LogicRNCID=180",NodeB Unavailable
03/01/2025 15:30,03/01/2025 15:37,"NodeB Name=ROOBEJ0207, LogicRNCID=180",NodeB Unavailable
03/01/2025 15:30,03/01/2025 15:37,"NodeB Name=ROOBEJ0149, LogicRNCID=180",NodeB Unavailable
03/01/2025 15:30,03/01/2025 15:45,"NodeB Name=ROOBEJ0194, LogicRNCID=180",NodeB Unavailable
03/01/2025 15:38,03/01/2025 15:52,"NodeB Name=ROOBEJ0149, LogicRNCID=180",NodeB Unavailable
03/01/2025 15:38,03/01/2025 15:45,"NodeB Name=ROOBEJ1127, LogicRNCID=180",NodeB Unavailable
03/01/2025 15:38,03/01/2025 15:52,"NodeB Name=ROOBEJ0207, LogicRNCID=180",NodeB Unavailable
03/01/2025 15:46,03/01/2025 15:51,"NodeB Name=ROOBEJ0166, LogicRNCID=180",NodeB Unavailable
03/01/2025 15:46,03/01/2025 15:51,"NodeB Name=ROOBEJ1127, LogicRNCID=180",NodeB Unavailable
03/01/2025 15:46,03/01/2025 15:51,"NodeB Name=ROOBEJ0194, LogicRNCID=180",NodeB Unavailable
03/01/2025 15:54,03/01/2025 16:01,"NodeB Name=ROOBEJ0166, LogicRNCID=180",NodeB Unavailable
03/01/2025 15:54,03/01/2025 16:01,"NodeB Name=ROOBEJ0194, LogicRNCID=180",NodeB Unavailable
03/01/2025 15:54,03/01/2025 16:01,"NodeB Name=ROOBEJ0149, LogicRNCID=180",NodeB Unavailable
03/01/2025 15:54,03/01/2025 16:01,"NodeB Name=ROOBEJ1127, LogicRNCID=180",NodeB Unavailable
03/01/2025 15:54,03/01/2025 16:01,"NodeB Name=ROOBEJ0207, LogicRNCID=180",NodeB Unavailable
03/01/2025 16:02,03/01/2025 16:04,"NodeB Name=ROOBEJ0166, LogicRNCID=180",NodeB Unavailable
03/01/2025 16:02,03/01/2025 16:04,"NodeB Name=ROOBEJ1127, LogicRNCID=180",NodeB Unavailable
03/01/2025 16:02,03/01/2025 16:21,"NodeB Name=ROOBEJ0194, LogicRNCID=180",NodeB Unavailable
03/01/2025 16:02,03/01/2025 16:03,"NodeB Name=ROOBEJ0149, LogicRNCID=180",NodeB Unavailable
03/01/2025 16:02,03/01/2025 16:04,"NodeB Name=ROOBEJ0207, LogicRNCID=180",NodeB Unavailable
03/01/2025 16:04,03/01/2025 16:28,"NodeB Name=ROOBEJ0149, LogicRNCID=180",NodeB Unavailable
03/01/2025 16:04,03/01/2025 16:28,"NodeB Name=ROOBEJ0166, LogicRNCID=180",NodeB Unavailable
03/01/2025 16:04,03/01/2025 16:28,"NodeB Name=ROOBEJ1127, LogicRNCID=180",NodeB Unavailable
03/01/2025 16:04,03/01/2025 16:28,"NodeB Name=ROOBEJ0207, LogicRNCID=180",NodeB Unavailable
03/01/2025 16:22,03/01/2025 16:28,"NodeB Name=ROOBEJ0194, LogicRNCID=180",NodeB Unavailable
03/01/2025 17:53,03/01/2025 17:58,"NodeB Name=YUCMER1338, LogicRNCID=180",NodeB Unavailable
03/01/2025 18:33,03/01/2025 18:40,"NodeB Name=ROOBEJ0160, LogicRNCID=180",NodeB Unavailable
04/01/2025 11:33,04/01/2025 11:37,"NodeB Name=CAMCAM0533, LogicRNCID=180",NodeB Unavailable
04/01/2025 11:41,04/01/2025 14:03,"NodeB Name=CAMCAM0533, LogicRNCID=180",NodeB Unavailable
04/01/2025 11:43,04/01/2025 12:23,"NodeB Name=ROOBEJ0202, LogicRNCID=180",NodeB Unavailable
04/01/2025 16:30,04/01/2025 16:34,"NodeB Name=CAMCAM0533, LogicRNCID=180",NodeB Unavailable
04/01/2025 22:44,05/01/2025 18:28,"NodeB Name=CAMCAM0532, LogicRNCID=180",NodeB Unavailable
